INSERT INTO `Employee` (id, familyName, firstName) VALUES (1, 'Küchl', 'Rainer');
INSERT INTO `Employee` (id, familyName, firstName) VALUES (2, 'Steude', 'Volkhard');
INSERT INTO `Employee` (id, familyName, firstName) VALUES (3, 'Honeck', 'Rainer');
INSERT INTO `Employee` (id, familyName, firstName) VALUES (4, 'Danailova', 'Albena');
INSERT INTO `Employee` (id, familyName, firstName) VALUES (5, 'Seifert', 'Eckhard');
INSERT INTO `Employee` (id, familyName, firstName) VALUES (6, 'Schagerl', 'Erich');
INSERT INTO `Employee` (id, familyName, firstName) VALUES (7, 'Großbauer', 'Andreas');
INSERT INTO `Employee` (id, familyName, firstName) VALUES (8, 'Kroisamer', 'Hubert');
INSERT INTO `Employee` (id, familyName, firstName) VALUES (9, 'Setena', 'Milan');
INSERT INTO `Employee` (id, familyName, firstName) VALUES (10, 'Kuzmichev', 'Pavel');
INSERT INTO `Employee` (id, familyName, firstName) VALUES (11, 'Hell', 'Josef');
INSERT INTO `Employee` (id, familyName, firstName) VALUES (12, 'Kubik', 'Martin');
INSERT INTO `Employee` (id, familyName, firstName) VALUES (13, 'Kurylyak', 'Olesya');
INSERT INTO `Employee` (id, familyName, firstName) VALUES (14, 'Keller', 'Jun');
INSERT INTO `Employee` (id, familyName, firstName) VALUES (15, 'Zalodek', 'Martin');
INSERT INTO `Employee` (id, familyName, firstName) VALUES (16, 'Brilinsky', 'Maxim');
INSERT INTO `Employee` (id, familyName, firstName) VALUES (17, 'Froschauer', 'Daniel');
INSERT INTO `Employee` (id, familyName, firstName) VALUES (18, 'Kobantschenko', 'Kirill');
INSERT INTO `Employee` (id, familyName, firstName) VALUES (19, 'Küblböck', 'Thomas');
INSERT INTO `Employee` (id, familyName, firstName) VALUES (20, 'Seifert', 'Günther');
INSERT INTO `Employee` (id, familyName, firstName) VALUES (21, 'Hedenborg', 'Wilfried');
INSERT INTO `Employee` (id, familyName, firstName) VALUES (22, 'Pinchas', 'Alina');
INSERT INTO `Employee` (id, familyName, firstName) VALUES (23, 'Hellsberg', 'Clemens');
INSERT INTO `Employee` (id, familyName, firstName) VALUES (24, 'Tomböck', 'Johannes');
INSERT INTO `Employee` (id, familyName, firstName) VALUES (25, 'Biberauer', 'Bernhard');
INSERT INTO `Employee` (id, familyName, firstName) VALUES (26, 'Ballot', 'Isabelle');
INSERT INTO `Employee` (id, familyName, firstName) VALUES (27, 'Lissy', 'Raimund');
INSERT INTO `Employee` (id, familyName, firstName) VALUES (28, 'Kovác', 'Tibor');
INSERT INTO `Employee` (id, familyName, firstName) VALUES (29, 'Koncz', 'Christoph');
INSERT INTO `Employee` (id, familyName, firstName) VALUES (30, 'Schubert', 'Gerald');
INSERT INTO `Employee` (id, familyName, firstName) VALUES (31, 'Staar', 'René');
INSERT INTO `Employee` (id, familyName, firstName) VALUES (32, 'Zehetner', 'Helmut');
INSERT INTO `Employee` (id, familyName, firstName) VALUES (33, 'Fritthum', 'George');
INSERT INTO `Employee` (id, familyName, firstName) VALUES (34, 'Steinberger', 'exander');
INSERT INTO `Employee` (id, familyName, firstName) VALUES (35, 'Krumpöck', 'Harald');
INSERT INTO `Employee` (id, familyName, firstName) VALUES (36, 'Kostka', 'Michael');
INSERT INTO `Employee` (id, familyName, firstName) VALUES (37, 'Benedikt', 'Charles');
INSERT INTO `Employee` (id, familyName, firstName) VALUES (38, 'Lesko', 'Marian');
INSERT INTO `Employee` (id, familyName, firstName) VALUES (39, 'Kostner', 'Johannes');
INSERT INTO `Employee` (id, familyName, firstName) VALUES (40, 'Klimek', 'Martin');
INSERT INTO `Employee` (id, familyName, firstName) VALUES (41, 'Andrusenko', 'Jewgenij');
INSERT INTO `Employee` (id, familyName, firstName) VALUES (42, 'Doli', 'Shkelzen');
INSERT INTO `Employee` (id, familyName, firstName) VALUES (43, 'Hellsberg', 'Dominik');
INSERT INTO `Employee` (id, familyName, firstName) VALUES (44, 'Groh', 'Holger');
INSERT INTO `Employee` (id, familyName, firstName) VALUES (45, 'Koll', 'Patricia');
INSERT INTO `Employee` (id, familyName, firstName) VALUES (46, 'Koll', 'Heinrich');
INSERT INTO `Employee` (id, familyName, firstName) VALUES (47, 'Lea', 'Tobias');
INSERT INTO `Employee` (id, familyName, firstName) VALUES (48, 'Frohn', 'Christian');
INSERT INTO `Employee` (id, familyName, firstName) VALUES (49, 'Rath', 'Wolf-Dieter');
INSERT INTO `Employee` (id, familyName, firstName) VALUES (50, 'Bauerstatter', 'Robert');
INSERT INTO `Employee` (id, familyName, firstName) VALUES (51, 'Marschner', 'Gerhard');
INSERT INTO `Employee` (id, familyName, firstName) VALUES (52, 'Mario', 'Dr.');
INSERT INTO `Employee` (id, familyName, firstName) VALUES (53, 'Lemberg', 'Martin');
INSERT INTO `Employee` (id, familyName, firstName) VALUES (54, 'Landerer', 'Elmar');
INSERT INTO `Employee` (id, familyName, firstName) VALUES (55, 'Plaichinger', 'Ursula');
INSERT INTO `Employee` (id, familyName, firstName) VALUES (56, 'Grabko', 'Innokenti');
INSERT INTO `Employee` (id, familyName, firstName) VALUES (57, 'Strasser', 'Michael');
INSERT INTO `Employee` (id, familyName, firstName) VALUES (58, 'Fechner', 'Thilo');
INSERT INTO `Employee` (id, familyName, firstName) VALUES (59, 'Hajek', 'Thomas');
INSERT INTO `Employee` (id, familyName, firstName) VALUES (60, 'Ivanova', 'Daniela');
INSERT INTO `Employee` (id, familyName, firstName) VALUES (61, 'Führlinger', 'Sebastian');
INSERT INTO `Employee` (id, familyName, firstName) VALUES (62, 'Varga', 'Tamás');
INSERT INTO `Employee` (id, familyName, firstName) VALUES (63, 'Nagy', 'Robert');
INSERT INTO `Employee` (id, familyName, firstName) VALUES (64, 'Somodari', 'Peter');
INSERT INTO `Employee` (id, familyName, firstName) VALUES (65, 'Dolezal', 'Friedrich');
INSERT INTO `Employee` (id, familyName, firstName) VALUES (66, 'Flieder', 'Raphael');
INSERT INTO `Employee` (id, familyName, firstName) VALUES (67, 'Bornemisza', 'Csaba');
INSERT INTO `Employee` (id, familyName, firstName) VALUES (68, 'Iberer', 'Gerhard');
INSERT INTO `Employee` (id, familyName, firstName) VALUES (69, 'Härtel', 'Wolfgang');
INSERT INTO `Employee` (id, familyName, firstName) VALUES (70, 'Wex', 'Ursula');
INSERT INTO `Employee` (id, familyName, firstName) VALUES (71, 'Schwarz-Schulz', 'Eckhard');
INSERT INTO `Employee` (id, familyName, firstName) VALUES (72, 'Bru', 'Sebastian');
INSERT INTO `Employee` (id, familyName, firstName) VALUES (73, 'Gartmayer', 'Stefan');
INSERT INTO `Employee` (id, familyName, firstName) VALUES (74, 'Pashko', 'Edison');
INSERT INTO `Employee` (id, familyName, firstName) VALUES (75, 'Naoki ', 'Bernhard');
INSERT INTO `Employee` (id, familyName, firstName) VALUES (76, 'Mayr', 'Herbert');
INSERT INTO `Employee` (id, familyName, firstName) VALUES (77, 'Wimmer', 'Christoph');
INSERT INTO `Employee` (id, familyName, firstName) VALUES (78, 'Racz', 'Ödön');
INSERT INTO `Employee` (id, familyName, firstName) VALUES (79, 'Dybal', 'Jerzy');
INSERT INTO `Employee` (id, familyName, firstName) VALUES (80, 'Hrastnik', 'Iztok');
INSERT INTO `Employee` (id, familyName, firstName) VALUES (81, 'Matschinegg', 'Alexander');
INSERT INTO `Employee` (id, familyName, firstName) VALUES (82, 'Bladerer', 'Michael');
INSERT INTO `Employee` (id, familyName, firstName) VALUES (83, 'Sikorski', 'Bartosz');
INSERT INTO `Employee` (id, familyName, firstName) VALUES (84, 'Leser', 'Jan-Georg');
INSERT INTO `Employee` (id, familyName, firstName) VALUES (85, 'Gorski', 'Jedrzej');
INSERT INTO `Employee` (id, familyName, firstName) VALUES (86, 'Waldmann', 'Filip');
INSERT INTO `Employee` (id, familyName, firstName) VALUES (87, 'Mai', 'Elias');
INSERT INTO `Employee` (id, familyName, firstName) VALUES (88, 'Neunteufel', 'Dominik');
INSERT INTO `Employee` (id, familyName, firstName) VALUES (89, 'Balzereit-Zell', 'Charlotte');
INSERT INTO `Employee` (id, familyName, firstName) VALUES (90, 'Lenaerts', 'Anneleen');
INSERT INTO `Employee` (id, familyName, firstName) VALUES (91, 'Flury', 'Dieter');
INSERT INTO `Employee` (id, familyName, firstName) VALUES (92, 'Auer', 'Walter');
INSERT INTO `Employee` (id, familyName, firstName) VALUES (93, 'Schütz', 'Karl-Heinz');
INSERT INTO `Employee` (id, familyName, firstName) VALUES (94, 'Federsel', 'Günter');
INSERT INTO `Employee` (id, familyName, firstName) VALUES (95, 'Breinschmid', 'Wolfgang');
INSERT INTO `Employee` (id, familyName, firstName) VALUES (96, 'Bonelli', 'Karin');
INSERT INTO `Employee` (id, familyName, firstName) VALUES (97, 'Gabriel', 'Martin');
INSERT INTO `Employee` (id, familyName, firstName) VALUES (98, 'Horak', 'Clemens');
INSERT INTO `Employee` (id, familyName, firstName) VALUES (99, 'Hörth', 'Harald');
INSERT INTO `Employee` (id, familyName, firstName) VALUES (100, 'Öhlberger', 'Alexander');
INSERT INTO `Employee` (id, familyName, firstName) VALUES (101, 'Plank', 'Wolfgang');
INSERT INTO `Employee` (id, familyName, firstName) VALUES (102, 'Maderthaner', 'Herbert');
INSERT INTO `Employee` (id, familyName, firstName) VALUES (103, 'Ottensamer', 'Ernst');
INSERT INTO `Employee` (id, familyName, firstName) VALUES (104, 'Schorn', 'Matthias');
INSERT INTO `Employee` (id, familyName, firstName) VALUES (105, 'Ottensamer', 'Daniel');
INSERT INTO `Employee` (id, familyName, firstName) VALUES (106, 'Täubl', 'Norbert');
INSERT INTO `Employee` (id, familyName, firstName) VALUES (107, 'Hindler', 'Johann');
INSERT INTO `Employee` (id, familyName, firstName) VALUES (108, 'Wieser', 'Andreas');
INSERT INTO `Employee` (id, familyName, firstName) VALUES (109, 'Werba', 'Michael');
INSERT INTO `Employee` (id, familyName, firstName) VALUES (110, 'Turnovsky', 'Stepan');
INSERT INTO `Employee` (id, familyName, firstName) VALUES (111, 'Müller', 'Harald');
INSERT INTO `Employee` (id, familyName, firstName) VALUES (112, 'Öhlberger', 'Reinhard');
INSERT INTO `Employee` (id, familyName, firstName) VALUES (113, 'Koblitz', 'Wolfgang');
INSERT INTO `Employee` (id, familyName, firstName) VALUES (114, 'Dinkhauser', 'Benedikt');
INSERT INTO `Employee` (id, familyName, firstName) VALUES (115, 'Janezic', 'Ronald');
INSERT INTO `Employee` (id, familyName, firstName) VALUES (116, 'Stransky', 'Lars Michael');
INSERT INTO `Employee` (id, familyName, firstName) VALUES (117, 'Reif', 'Josef');
INSERT INTO `Employee` (id, familyName, firstName) VALUES (118, 'Mayr', 'Sebastian');
INSERT INTO `Employee` (id, familyName, firstName) VALUES (119, 'Lintner', 'Wolfgang');
INSERT INTO `Employee` (id, familyName, firstName) VALUES (120, 'Jankovic', 'Jan');
INSERT INTO `Employee` (id, familyName, firstName) VALUES (121, 'Vladar', 'Wolfgang');
INSERT INTO `Employee` (id, familyName, firstName) VALUES (122, 'Jöbstl', 'Thomas');
INSERT INTO `Employee` (id, familyName, firstName) VALUES (123, 'Tomböck', 'Wolfgang');
INSERT INTO `Employee` (id, familyName, firstName) VALUES (124, 'Huber', 'Manuel');
INSERT INTO `Employee` (id, familyName, firstName) VALUES (125, 'Eder', 'Gotthard');
INSERT INTO `Employee` (id, familyName, firstName) VALUES (126, 'Mühlfellner', 'Martin');
INSERT INTO `Employee` (id, familyName, firstName) VALUES (127, 'Haimel', 'Stefan');
INSERT INTO `Employee` (id, familyName, firstName) VALUES (128, 'Schuh', 'Hans Peter');
INSERT INTO `Employee` (id, familyName, firstName) VALUES (129, 'Ambros', 'Reinhold');
INSERT INTO `Employee` (id, familyName, firstName) VALUES (130, 'Pöchhaker', 'Jürgen');
INSERT INTO `Employee` (id, familyName, firstName) VALUES (131, 'Küblböck', 'Dietmar');
INSERT INTO `Employee` (id, familyName, firstName) VALUES (132, 'Schnaitt', 'Dominik');
INSERT INTO `Employee` (id, familyName, firstName) VALUES (133, 'Strasser', 'Wolfgang');
INSERT INTO `Employee` (id, familyName, firstName) VALUES (134, 'Ströcker', 'Johann');
INSERT INTO `Employee` (id, familyName, firstName) VALUES (135, 'Gaal', 'Mark');
INSERT INTO `Employee` (id, familyName, firstName) VALUES (136, 'Halwax', 'Paul Adolf');
INSERT INTO `Employee` (id, familyName, firstName) VALUES (137, 'Gigler', 'Christoph');
INSERT INTO `Employee` (id, familyName, firstName) VALUES (138, 'Hartl', 'Bruno');
INSERT INTO `Employee` (id, familyName, firstName) VALUES (139, 'Mittermayr', 'Anton');
INSERT INTO `Employee` (id, familyName, firstName) VALUES (140, 'Falk', 'Erwin');
INSERT INTO `Employee` (id, familyName, firstName) VALUES (141, 'Zauner', 'Klaus');
INSERT INTO `Employee` (id, familyName, firstName) VALUES (142, 'Madas', 'Oliver');
INSERT INTO `Employee` (id, familyName, firstName) VALUES (143, 'Schmidinger', 'Benjamin');
INSERT INTO `Employee` (id, familyName, firstName) VALUES (144, 'Lechner', 'Thomas');
INSERT INTO `Employee` (id, familyName, firstName) VALUES (145, 'Adès', 'Thomas');
INSERT INTO `Employee` (id, familyName, firstName) VALUES (146, 'Altinoglu', 'Alain');
INSERT INTO `Employee` (id, familyName, firstName) VALUES (147, 'Auguin', 'Philippe');
INSERT INTO `Employee` (id, familyName, firstName) VALUES (148, 'Billy', 'Bertrand DE ');
INSERT INTO `Employee` (id, familyName, firstName) VALUES (149, 'Bychkov', 'Semyon');
INSERT INTO `Employee` (id, familyName, firstName) VALUES (150, 'Campanella', 'Bruno');
INSERT INTO `Employee` (id, familyName, firstName) VALUES (151, 'Carignani', 'Paolo');
INSERT INTO `Employee` (id, familyName, firstName) VALUES (152, 'Chaslin', 'Frédéric');
INSERT INTO `Employee` (id, familyName, firstName) VALUES (153, 'Chung', 'Myung-Whun');
INSERT INTO `Employee` (id, familyName, firstName) VALUES (154, 'Connelly', 'Paul');
INSERT INTO `Employee` (id, familyName, firstName) VALUES (155, 'Eschenbach', 'Christoph');
INSERT INTO `Employee` (id, familyName, firstName) VALUES (156, 'Ettinger', 'Dan');
INSERT INTO `Employee` (id, familyName, firstName) VALUES (157, 'Fischer', 'Adam');
INSERT INTO `Employee` (id, familyName, firstName) VALUES (158, 'Calvo', 'Guillermo García');
INSERT INTO `Employee` (id, familyName, firstName) VALUES (159, 'Goetzel', 'Sascha');
INSERT INTO `Employee` (id, familyName, firstName) VALUES (160, 'Praxmarer', 'Vinzenz');
INSERT INTO `Employee` (id, familyName, firstName) VALUES (161, 'Prießnitz', 'Gerrit');
INSERT INTO `Employee` (id, familyName, firstName) VALUES (162, 'Pähn', 'Vello');
INSERT INTO `Employee` (id, familyName, firstName) VALUES (163, 'Rattle', 'Simon');
INSERT INTO `Employee` (id, familyName, firstName) VALUES (164, 'Rhodes', 'Kevin');
INSERT INTO `Employee` (id, familyName, firstName) VALUES (165, 'Schneider', 'Peter');
INSERT INTO `Employee` (id, familyName, firstName) VALUES (166, 'Spinosi', 'Jean-Christophe');
INSERT INTO `Employee` (id, familyName, firstName) VALUES (167, 'Thielemann', 'Christian');
INSERT INTO `Employee` (id, familyName, firstName) VALUES (168, 'Welser-Möst', 'GMD Franz');
INSERT INTO `Employee` (id, familyName, firstName) VALUES (169, 'Wildner', 'Johannes');
INSERT INTO `Employee` (id, familyName, firstName) VALUES (170, 'Young', 'Simone');
INSERT INTO `Employee` (id, familyName, firstName) VALUES (171, 'Yurkevych', 'Andriy');
INSERT INTO `Employee` (id, familyName, firstName) VALUES (172, 'Pidò', 'Evelino');
INSERT INTO `Employee` (id, familyName, firstName) VALUES (173, 'Güttler', 'Michael');
INSERT INTO `Employee` (id, familyName, firstName) VALUES (174, 'Haider', 'Johannes');
INSERT INTO `Employee` (id, familyName, firstName) VALUES (175, 'Ingram', 'Alexander');
INSERT INTO `Employee` (id, familyName, firstName) VALUES (176, 'Jenkins', 'Graeme');
INSERT INTO `Employee` (id, familyName, firstName) VALUES (177, 'Kessels', 'Koen');
INSERT INTO `Employee` (id, familyName, firstName) VALUES (178, 'Langrée', 'Louis');
INSERT INTO `Employee` (id, familyName, firstName) VALUES (179, 'Lassen', 'Peter Ernst');
INSERT INTO `Employee` (id, familyName, firstName) VALUES (180, 'Lehtinen', 'Markus');
INSERT INTO `Employee` (id, familyName, firstName) VALUES (181, 'Letonja', 'Marko');
INSERT INTO `Employee` (id, familyName, firstName) VALUES (182, 'López-Cobos', 'Jesús');
INSERT INTO `Employee` (id, familyName, firstName) VALUES (183, 'Meister', 'Cornelius');
INSERT INTO `Employee` (id, familyName, firstName) VALUES (184, 'Metzmacher', 'Ingo');
INSERT INTO `Employee` (id, familyName, firstName) VALUES (185, 'Netopil', 'Tomas');
INSERT INTO `Employee` (id, familyName, firstName) VALUES (186, 'Nézet-Séguin', 'Yannick');
INSERT INTO `Employee` (id, familyName, firstName) VALUES (187, 'Petrenko', 'Kirill');
INSERT INTO `Employee` (id, familyName, firstName) VALUES (188, 'Abdrazakov', 'ldar');
INSERT INTO `Employee` (id, familyName, firstName) VALUES (189, 'Ablinger-Sperrhacke', 'Wolfgang');
INSERT INTO `Employee` (id, familyName, firstName) VALUES (190, 'Alagna', 'Roberto');
INSERT INTO `Employee` (id, familyName, firstName) VALUES (191, 'Albelo', 'Celso');
INSERT INTO `Employee` (id, familyName, firstName) VALUES (192, 'Alvarez', 'Carlos');
INSERT INTO `Employee` (id, familyName, firstName) VALUES (193, 'Anger', 'Ain');
INSERT INTO `Employee` (id, familyName, firstName) VALUES (194, 'Antonenko', 'Aleksandrs');
INSERT INTO `Employee` (id, familyName, firstName) VALUES (195, 'Arduini', 'Alessio');
INSERT INTO `Employee` (id, familyName, firstName) VALUES (196, 'Baechle', 'Janina');
INSERT INTO `Employee` (id, familyName, firstName) VALUES (197, 'Baltsa', 'Agnes');
INSERT INTO `Employee` (id, familyName, firstName) VALUES (198, 'Bankl', 'Wolfgang');
INSERT INTO `Employee` (id, familyName, firstName) VALUES (199, 'Banse', 'Juliane');
INSERT INTO `Employee` (id, familyName, firstName) VALUES (200, 'Barkmin', 'Gun-Brit');
INSERT INTO `Employee` (id, familyName, firstName) VALUES (201, 'Beczala', 'Piotr');
INSERT INTO `Employee` (id, familyName, firstName) VALUES (202, 'Bengtsson', 'Maria');
INSERT INTO `Employee` (id, familyName, firstName) VALUES (203, 'Bermudez', 'Gabriel');
INSERT INTO `Employee` (id, familyName, firstName) VALUES (204, 'Bezsmertna', 'Olga');
INSERT INTO `Employee` (id, familyName, firstName) VALUES (205, 'Bohinec', 'Monika');
INSERT INTO `Employee` (id, familyName, firstName) VALUES (206, 'Bonitatibus', 'Anna');
INSERT INTO `Employee` (id, familyName, firstName) VALUES (207, 'Botha', 'Johan');
INSERT INTO `Employee` (id, familyName, firstName) VALUES (208, 'Bruns', 'Benjamin');
INSERT INTO `Employee` (id, familyName, firstName) VALUES (209, 'Camarena', 'Javier');
INSERT INTO `Employee` (id, familyName, firstName) VALUES (210, 'Capitanucci', 'Fabio');
INSERT INTO `Employee` (id, familyName, firstName) VALUES (211, 'Caria', 'Marco');
INSERT INTO `Employee` (id, familyName, firstName) VALUES (212, 'Castronovo', 'Charles');
INSERT INTO `Employee` (id, familyName, firstName) VALUES (213, 'Coliban', 'Sorin');
INSERT INTO `Employee` (id, familyName, firstName) VALUES (214, 'Conrad', 'Andreas');
INSERT INTO `Employee` (id, familyName, firstName) VALUES (215, 'Coote', 'Alice');
INSERT INTO `Employee` (id, familyName, firstName) VALUES (216, 'Corbelli', 'Alessandro');
INSERT INTO `Employee` (id, familyName, firstName) VALUES (217, 'Costello', 'Stephen');
INSERT INTO `Employee` (id, familyName, firstName) VALUES (218, 'Cura', 'José');
INSERT INTO `Employee` (id, familyName, firstName) VALUES (219, 'D\'Arcangelo', 'Ildebrando');
INSERT INTO `Employee` (id, familyName, firstName) VALUES (220, 'D\'Intino', 'Luciana');
INSERT INTO `Employee` (id, familyName, firstName) VALUES (221, 'Damrau', 'Diana');
INSERT INTO `Employee` (id, familyName, firstName) VALUES (222, 'Daniel', 'Boaz');
INSERT INTO `Employee` (id, familyName, firstName) VALUES (223, 'Daniels', 'David');
INSERT INTO `Employee` (id, familyName, firstName) VALUES (224, 'DeShong', 'Elizabeth');
INSERT INTO `Employee` (id, familyName, firstName) VALUES (225, 'Denoke', 'Angela');
INSERT INTO `Employee` (id, familyName, firstName) VALUES (226, 'Didyk', 'Misha');
INSERT INTO `Employee` (id, familyName, firstName) VALUES (227, 'Dobber', 'Andrzej');
INSERT INTO `Employee` (id, familyName, firstName) VALUES (228, 'Dogotari', 'Mihail');
INSERT INTO `Employee` (id, familyName, firstName) VALUES (229, 'Dohmen', 'Albert');
INSERT INTO `Employee` (id, familyName, firstName) VALUES (230, 'Domingo', 'Plácido');
INSERT INTO `Employee` (id, familyName, firstName) VALUES (231, 'Dumitrescu', 'Dan');
INSERT INTO `Employee` (id, familyName, firstName) VALUES (232, 'Ebenstein', 'Thomas');
INSERT INTO `Employee` (id, familyName, firstName) VALUES (233, 'Eiche', 'Markus');
INSERT INTO `Employee` (id, familyName, firstName) VALUES (234, 'Ellen', 'Donna');
INSERT INTO `Employee` (id, familyName, firstName) VALUES (235, 'Ernst', 'Norbert');
INSERT INTO `Employee` (id, familyName, firstName) VALUES (236, 'Eröd', 'Adrian');
INSERT INTO `Employee` (id, familyName, firstName) VALUES (237, 'Fahima', 'Hila');
INSERT INTO `Employee` (id, familyName, firstName) VALUES (238, 'Fally', 'Daniela');
INSERT INTO `Employee` (id, familyName, firstName) VALUES (239, 'Fantini', 'Norma');
INSERT INTO `Employee` (id, familyName, firstName) VALUES (240, 'Felice', 'Marco');
INSERT INTO `Employee` (id, familyName, firstName) VALUES (241, 'Finley', 'Gerald');
INSERT INTO `Employee` (id, familyName, firstName) VALUES (242, 'Flórez', 'Juan');
INSERT INTO `Employee` (id, familyName, firstName) VALUES (243, 'Frenkel', 'Rachel');
INSERT INTO `Employee` (id, familyName, firstName) VALUES (244, 'Frittoli', 'Barbara');
INSERT INTO `Employee` (id, familyName, firstName) VALUES (245, 'Furlanetto', 'Ferruccio');
INSERT INTO `Employee` (id, familyName, firstName) VALUES (246, 'Gagnidze', 'George');
INSERT INTO `Employee` (id, familyName, firstName) VALUES (247, 'Garanča', 'Elina');
INSERT INTO `Employee` (id, familyName, firstName) VALUES (248, 'Garifullina', 'Aida');
INSERT INTO `Employee` (id, familyName, firstName) VALUES (249, 'Gerhaher', 'Christian');
INSERT INTO `Employee` (id, familyName, firstName) VALUES (250, 'Gerhards', 'Annika');
INSERT INTO `Employee` (id, familyName, firstName) VALUES (251, 'Gerzmava', 'Hibla');
INSERT INTO `Employee` (id, familyName, firstName) VALUES (252, 'Gheorghiu', 'Angela');
INSERT INTO `Employee` (id, familyName, firstName) VALUES (253, 'Giordani', 'Marcello');
INSERT INTO `Employee` (id, familyName, firstName) VALUES (254, 'Giordano', 'Massimo');
INSERT INTO `Employee` (id, familyName, firstName) VALUES (255, 'Gould', 'Stephen');
INSERT INTO `Employee` (id, familyName, firstName) VALUES (256, 'Green', 'Ryan');
INSERT INTO `Employee` (id, familyName, firstName) VALUES (257, 'Gritskova', 'Margarita');
INSERT INTO `Employee` (id, familyName, firstName) VALUES (258, 'Groissböck', 'Günther');
INSERT INTO `Employee` (id, familyName, firstName) VALUES (259, 'Gruberova', 'Edita');
INSERT INTO `Employee` (id, familyName, firstName) VALUES (260, 'Guleghina', 'Maria');
INSERT INTO `Employee` (id, familyName, firstName) VALUES (261, 'Hangler', 'Regine');
INSERT INTO `Employee` (id, familyName, firstName) VALUES (262, 'Harteros', 'Anja');
INSERT INTO `Employee` (id, familyName, firstName) VALUES (263, 'Hartig', 'Anita');
INSERT INTO `Employee` (id, familyName, firstName) VALUES (264, 'Haveman', 'Barbara');
INSERT INTO `Employee` (id, familyName, firstName) VALUES (265, 'He', 'Hui');
INSERT INTO `Employee` (id, familyName, firstName) VALUES (266, 'Held', 'Alan');
INSERT INTO `Employee` (id, familyName, firstName) VALUES (267, 'Helzel', 'Ulrike');
INSERT INTO `Employee` (id, familyName, firstName) VALUES (268, 'Henschel', 'Jane');
INSERT INTO `Employee` (id, familyName, firstName) VALUES (269, 'Herlitzius', 'Evelyn');
INSERT INTO `Employee` (id, familyName, firstName) VALUES (270, 'Holecek', 'Sebastian');
INSERT INTO `Employee` (id, familyName, firstName) VALUES (271, 'Hong', 'Il');
INSERT INTO `Employee` (id, familyName, firstName) VALUES (272, 'Houtzeel', 'Stephanie');
INSERT INTO `Employee` (id, familyName, firstName) VALUES (273, 'Hvorostovsky', 'Dmitri');
INSERT INTO `Employee` (id, familyName, firstName) VALUES (274, 'Isokoski', 'Soile');
INSERT INTO `Employee` (id, familyName, firstName) VALUES (275, 'Ivan', 'Simina');
INSERT INTO `Employee` (id, familyName, firstName) VALUES (276, 'Jaho', 'Ermonela');
INSERT INTO `Employee` (id, familyName, firstName) VALUES (277, 'Jelosits', 'Peter');
INSERT INTO `Employee` (id, familyName, firstName) VALUES (278, 'Jenis', 'Dalibor');
INSERT INTO `Employee` (id, familyName, firstName) VALUES (279, 'Kammerer', 'Hans');
INSERT INTO `Employee` (id, familyName, firstName) VALUES (280, 'Kazakov', 'Mikhail');
INSERT INTO `Employee` (id, familyName, firstName) VALUES (281, 'Keenlyside', 'Simon');
INSERT INTO `Employee` (id, familyName, firstName) VALUES (282, 'Khayrullova', 'Ilseyar');
INSERT INTO `Employee` (id, familyName, firstName) VALUES (283, 'Klink', 'Matthias');
INSERT INTO `Employee` (id, familyName, firstName) VALUES (284, 'Ko', 'Hyuna');
INSERT INTO `Employee` (id, familyName, firstName) VALUES (285, 'Kobel', 'Benedikt');
INSERT INTO `Employee` (id, familyName, firstName) VALUES (286, 'Koch', 'Sophie');
INSERT INTO `Employee` (id, familyName, firstName) VALUES (287, 'Koch', 'Wolfgang');
INSERT INTO `Employee` (id, familyName, firstName) VALUES (288, 'Kolgatin', 'Pavel');
INSERT INTO `Employee` (id, familyName, firstName) VALUES (289, 'Konieczny', 'Tomasz');
INSERT INTO `Employee` (id, familyName, firstName) VALUES (290, 'Korchak', 'Dmitry');
INSERT INTO `Employee` (id, familyName, firstName) VALUES (291, 'Kovalevska', 'Maija');
INSERT INTO `Employee` (id, familyName, firstName) VALUES (292, 'Kožená', 'Magdalena');
INSERT INTO `Employee` (id, familyName, firstName) VALUES (293, 'Krasteva', 'Nadia');
INSERT INTO `Employee` (id, familyName, firstName) VALUES (294, 'Kryshak', 'James');
INSERT INTO `Employee` (id, familyName, firstName) VALUES (295, 'Kucerová', 'Adriana');
INSERT INTO `Employee` (id, familyName, firstName) VALUES (296, 'Kulman', 'Elisabeth');
INSERT INTO `Employee` (id, familyName, firstName) VALUES (297, 'Kushpler', 'Zoryana');
INSERT INTO `Employee` (id, familyName, firstName) VALUES (298, 'Kühmeier', 'Genia');
INSERT INTO `Employee` (id, familyName, firstName) VALUES (299, 'Lang', 'Petra');
INSERT INTO `Employee` (id, familyName, firstName) VALUES (300, 'Larsson', 'Anna');
INSERT INTO `Employee` (id, familyName, firstName) VALUES (301, 'Leonard', 'Isabel');
INSERT INTO `Employee` (id, familyName, firstName) VALUES (302, 'Lewek', 'Kathryn');
INSERT INTO `Employee` (id, familyName, firstName) VALUES (303, 'León', 'Jorge');
INSERT INTO `Employee` (id, familyName, firstName) VALUES (304, 'Lindstrom', 'Lise');
INSERT INTO `Employee` (id, familyName, firstName) VALUES (305, 'Lipovšek', 'Marjana');
INSERT INTO `Employee` (id, familyName, firstName) VALUES (306, 'Lippert', 'Herbert');
INSERT INTO `Employee` (id, familyName, firstName) VALUES (307, 'Luna', 'Audrey');
INSERT INTO `Employee` (id, familyName, firstName) VALUES (308, 'Machado', 'Aquiles');
INSERT INTO `Employee` (id, familyName, firstName) VALUES (309, 'Maestri', 'Ambrogio');
INSERT INTO `Employee` (id, familyName, firstName) VALUES (310, 'Malfi', 'Serena');
INSERT INTO `Employee` (id, familyName, firstName) VALUES (311, 'Mars', 'Juliette');
INSERT INTO `Employee` (id, familyName, firstName) VALUES (312, 'Martínez', 'Iride');
INSERT INTO `Employee` (id, familyName, firstName) VALUES (313, 'Matić', 'Peter');
INSERT INTO `Employee` (id, familyName, firstName) VALUES (314, 'Mattei', 'Peter');
INSERT INTO `Employee` (id, familyName, firstName) VALUES (315, 'Maximova', 'Elena');
INSERT INTO `Employee` (id, familyName, firstName) VALUES (316, 'Meachem', 'Lucas');
INSERT INTO `Employee` (id, familyName, firstName) VALUES (317, 'Merbeth', 'Ricarda');
INSERT INTO `Employee` (id, familyName, firstName) VALUES (318, 'Milling', 'Stephen');
INSERT INTO `Employee` (id, familyName, firstName) VALUES (319, 'Moisiuc', 'Alexandru');
INSERT INTO `Employee` (id, familyName, firstName) VALUES (320, 'Monarcha', 'Janusz');
INSERT INTO `Employee` (id, familyName, firstName) VALUES (321, 'Morley', 'Erin');
INSERT INTO `Employee` (id, familyName, firstName) VALUES (322, 'Nafornita', 'Valentina');
INSERT INTO `Employee` (id, familyName, firstName) VALUES (323, 'Naglestad', 'Catherine');
INSERT INTO `Employee` (id, familyName, firstName) VALUES (324, 'Netrebko', 'Anna');
INSERT INTO `Employee` (id, familyName, firstName) VALUES (325, 'Nucci', 'Leo');
INSERT INTO `Employee` (id, familyName, firstName) VALUES (326, 'Nylund', 'Camilla');
INSERT INTO `Employee` (id, familyName, firstName) VALUES (327, 'Opolais', 'Kristine');
INSERT INTO `Employee` (id, familyName, firstName) VALUES (328, 'Osuna', 'Carlos');
INSERT INTO `Employee` (id, familyName, firstName) VALUES (329, 'Otter', 'Anne');
INSERT INTO `Employee` (id, familyName, firstName) VALUES (330, 'Park', 'Jongmin');
INSERT INTO `Employee` (id, familyName, firstName) VALUES (331, 'Pecoraro', 'Herwig');
INSERT INTO `Employee` (id, familyName, firstName) VALUES (332, 'Pelz', 'Marcus');
INSERT INTO `Employee` (id, familyName, firstName) VALUES (333, 'Pershall', 'David');
INSERT INTO `Employee` (id, familyName, firstName) VALUES (334, 'Pertusi', 'Michele');
INSERT INTO `Employee` (id, familyName, firstName) VALUES (335, 'Petean', 'George');
INSERT INTO `Employee` (id, familyName, firstName) VALUES (336, 'Petibon', 'Patricia');
INSERT INTO `Employee` (id, familyName, firstName) VALUES (337, 'Petrenko', 'Mikhail');
INSERT INTO `Employee` (id, familyName, firstName) VALUES (338, 'Pieczonka', 'Adrianne');
INSERT INTO `Employee` (id, familyName, firstName) VALUES (339, 'Pirgu', 'Saimir');
INSERT INTO `Employee` (id, familyName, firstName) VALUES (340, 'Pisaroni', 'Luca');
INSERT INTO `Employee` (id, familyName, firstName) VALUES (341, 'Plachetka', 'Adam');
INSERT INTO `Employee` (id, familyName, firstName) VALUES (342, 'Popov', 'Dmytro');
INSERT INTO `Employee` (id, familyName, firstName) VALUES (343, 'Prestia', 'Giacomo');
INSERT INTO `Employee` (id, familyName, firstName) VALUES (344, 'Quasthoff', 'Thomas');
INSERT INTO `Employee` (id, familyName, firstName) VALUES (345, 'Radvanovsky', 'Sondra');
INSERT INTO `Employee` (id, familyName, firstName) VALUES (346, 'Raimondi', 'Ildiko');
INSERT INTO `Employee` (id, familyName, firstName) VALUES (347, 'Rathkolb', 'Lydia');
INSERT INTO `Employee` (id, familyName, firstName) VALUES (348, 'Rebeka', 'Marina');
INSERT INTO `Employee` (id, familyName, firstName) VALUES (349, 'Reiss', 'Chen');
INSERT INTO `Employee` (id, familyName, firstName) VALUES (350, 'Rim', 'Sae');
INSERT INTO `Employee` (id, familyName, firstName) VALUES (351, 'Roider', 'Michael');
INSERT INTO `Employee` (id, familyName, firstName) VALUES (352, 'Rose', 'Peter');
INSERT INTO `Employee` (id, familyName, firstName) VALUES (353, 'Rumetz', 'Paolo');
INSERT INTO `Employee` (id, familyName, firstName) VALUES (354, 'Rydl', 'Kurt');
INSERT INTO `Employee` (id, familyName, firstName) VALUES (355, 'Schade', 'Michael');
INSERT INTO `Employee` (id, familyName, firstName) VALUES (356, 'Schmeckenbecher', 'Jochen');
INSERT INTO `Employee` (id, familyName, firstName) VALUES (357, 'Schwanewilms', 'Anne');
INSERT INTO `Employee` (id, familyName, firstName) VALUES (358, 'Seiffert', 'Peter');
INSERT INTO `Employee` (id, familyName, firstName) VALUES (359, 'Selig', 'Franz-Josef');
INSERT INTO `Employee` (id, familyName, firstName) VALUES (360, 'Semenchuk', 'Ekaterina');
INSERT INTO `Employee` (id, familyName, firstName) VALUES (361, 'Serafin', 'Martina');
INSERT INTO `Employee` (id, familyName, firstName) VALUES (362, 'Shicoff', 'Neil');
INSERT INTO `Employee` (id, familyName, firstName) VALUES (363, 'Simonischek', 'Peter');
INSERT INTO `Employee` (id, familyName, firstName) VALUES (364, 'Siragusa', 'Antonino');
INSERT INTO `Employee` (id, familyName, firstName) VALUES (365, 'Smith', 'Robert');
INSERT INTO `Employee` (id, familyName, firstName) VALUES (366, 'Sramek', 'Alfred');
INSERT INTO `Employee` (id, familyName, firstName) VALUES (367, 'Stemme', 'Nina');
INSERT INTO `Employee` (id, familyName, firstName) VALUES (368, 'Stoyanova', 'Krassimira');
INSERT INTO `Employee` (id, familyName, firstName) VALUES (369, 'Struckmann', 'Falk');
INSERT INTO `Employee` (id, familyName, firstName) VALUES (370, 'Talaba', 'Marian');
INSERT INTO `Employee` (id, familyName, firstName) VALUES (371, 'Terfel', 'Bryn');
INSERT INTO `Employee` (id, familyName, firstName) VALUES (372, 'Tessier', 'John');
INSERT INTO `Employee` (id, familyName, firstName) VALUES (373, 'Tezier', 'Ludovic');
INSERT INTO `Employee` (id, familyName, firstName) VALUES (374, 'Theorin', 'Iréne');
INSERT INTO `Employee` (id, familyName, firstName) VALUES (375, 'Tonca', 'Ileana');
INSERT INTO `Employee` (id, familyName, firstName) VALUES (376, 'Twarowska', 'Aura');
INSERT INTO `Employee` (id, familyName, firstName) VALUES (377, 'Tómasson', 'Tómas');
INSERT INTO `Employee` (id, familyName, firstName) VALUES (378, 'Unterreiner', 'Clemens');
INSERT INTO `Employee` (id, familyName, firstName) VALUES (379, 'Uria-Monzon', 'Béatrice');
INSERT INTO `Employee` (id, familyName, firstName) VALUES (380, 'Vargas', 'Ramón');
INSERT INTO `Employee` (id, familyName, firstName) VALUES (381, 'Vassallo', 'Franco');
INSERT INTO `Employee` (id, familyName, firstName) VALUES (382, 'Ventris', 'Christopher');
INSERT INTO `Employee` (id, familyName, firstName) VALUES (383, 'Volle', 'Michael');
INSERT INTO `Employee` (id, familyName, firstName) VALUES (384, 'Vratogna', 'Marco');
INSERT INTO `Employee` (id, familyName, firstName) VALUES (385, 'Wenborne', 'Caroline');
INSERT INTO `Employee` (id, familyName, firstName) VALUES (386, 'Werba', 'Markus');
INSERT INTO `Employee` (id, familyName, firstName) VALUES (387, 'Wilson', 'Carole');
INSERT INTO `Employee` (id, familyName, firstName) VALUES (388, 'Woldt', 'Lars');
INSERT INTO `Employee` (id, familyName, firstName) VALUES (389, 'Xiahou', 'Jinxu');
INSERT INTO `Employee` (id, familyName, firstName) VALUES (390, 'Yang', 'Tae');
INSERT INTO `Employee` (id, familyName, firstName) VALUES (391, 'Youn', 'Kwangchul');
INSERT INTO `Employee` (id, familyName, firstName) VALUES (392, 'Bierbaumer', 'Maria');
INSERT INTO `Employee` (id, familyName, firstName) VALUES (393, 'Exner', 'BA');
INSERT INTO `Employee` (id, familyName, firstName) VALUES (394, 'Gutsch', 'Renate');
INSERT INTO `Employee` (id, familyName, firstName) VALUES (395, 'Han', 'Jon-Won');
INSERT INTO `Employee` (id, familyName, firstName) VALUES (396, 'Hatházi', 'Erika');
INSERT INTO `Employee` (id, familyName, firstName) VALUES (397, 'Hecht', 'Renate');
INSERT INTO `Employee` (id, familyName, firstName) VALUES (398, 'Hofmann', 'Mag.');
INSERT INTO `Employee` (id, familyName, firstName) VALUES (399, 'Ilker', 'Secil');
INSERT INTO `Employee` (id, familyName, firstName) VALUES (400, 'Karrer', 'Maria');
INSERT INTO `Employee` (id, familyName, firstName) VALUES (401, 'Ko', 'Younghee');
INSERT INTO `Employee` (id, familyName, firstName) VALUES (402, 'Köck', 'Mag.');
INSERT INTO `Employee` (id, familyName, firstName) VALUES (403, 'Maller', 'Mag.');
INSERT INTO `Employee` (id, familyName, firstName) VALUES (404, 'Nukumi', 'Kyoko');
INSERT INTO `Employee` (id, familyName, firstName) VALUES (405, 'Panzenböck', 'Sylvia');
INSERT INTO `Employee` (id, familyName, firstName) VALUES (406, 'Vadehra', 'Ingrid');
INSERT INTO `Employee` (id, familyName, firstName) VALUES (407, 'Auer', 'Mag.');
INSERT INTO `Employee` (id, familyName, firstName) VALUES (408, 'Birnbauer', 'Anna');
INSERT INTO `Employee` (id, familyName, firstName) VALUES (409, 'Danielová', 'Denisa');
INSERT INTO `Employee` (id, familyName, firstName) VALUES (410, 'Gusenleitner', 'Maria');
INSERT INTO `Employee` (id, familyName, firstName) VALUES (411, 'Knauer', 'Regina');
INSERT INTO `Employee` (id, familyName, firstName) VALUES (412, 'Last', 'Kaya');
INSERT INTO `Employee` (id, familyName, firstName) VALUES (413, 'Lee', 'So');
INSERT INTO `Employee` (id, familyName, firstName) VALUES (414, 'Reder', 'Mag.');
INSERT INTO `Employee` (id, familyName, firstName) VALUES (415, 'Thyringer', 'Felicitas');
INSERT INTO `Employee` (id, familyName, firstName) VALUES (416, 'Vloedt', 'Elisabeth');
INSERT INTO `Employee` (id, familyName, firstName) VALUES (417, 'Erfurt', 'Ulrike');
INSERT INTO `Employee` (id, familyName, firstName) VALUES (418, 'Fischer', 'Senta');
INSERT INTO `Employee` (id, familyName, firstName) VALUES (419, 'Leibnitz', 'Mag.');
INSERT INTO `Employee` (id, familyName, firstName) VALUES (420, 'Monarcha', 'Mag.');
INSERT INTO `Employee` (id, familyName, firstName) VALUES (421, 'Reiter', 'Mag.');
INSERT INTO `Employee` (id, familyName, firstName) VALUES (422, 'Sattmann', 'Marianne');
INSERT INTO `Employee` (id, familyName, firstName) VALUES (423, 'Sonnleithner', 'Mag.');
INSERT INTO `Employee` (id, familyName, firstName) VALUES (424, 'Szábó', 'Zsuzsanna');
INSERT INTO `Employee` (id, familyName, firstName) VALUES (425, 'Wieser', 'Karin');
INSERT INTO `Employee` (id, familyName, firstName) VALUES (426, 'Zurmann-Marian', 'Dr.');
INSERT INTO `Employee` (id, familyName, firstName) VALUES (427, 'Bessenyei', 'Gabriella');
INSERT INTO `Employee` (id, familyName, firstName) VALUES (428, 'Götz', 'Mag.');
INSERT INTO `Employee` (id, familyName, firstName) VALUES (429, 'Holecek', 'Arina');
INSERT INTO `Employee` (id, familyName, firstName) VALUES (430, 'Kogler', 'Sabine');
INSERT INTO `Employee` (id, familyName, firstName) VALUES (431, 'More', 'Hyun-Sook');
INSERT INTO `Employee` (id, familyName, firstName) VALUES (432, 'Parzer', 'Martina');
INSERT INTO `Employee` (id, familyName, firstName) VALUES (433, 'Saul', 'Evelin');
INSERT INTO `Employee` (id, familyName, firstName) VALUES (434, 'Schubert', 'Karen');
INSERT INTO `Employee` (id, familyName, firstName) VALUES (435, 'Schweiger', 'Eva');
INSERT INTO `Employee` (id, familyName, firstName) VALUES (436, 'Strenn', 'Elisabeth');
INSERT INTO `Employee` (id, familyName, firstName) VALUES (437, 'Wagner', 'Daniela');
INSERT INTO `Employee` (id, familyName, firstName) VALUES (438, 'Fraiss', 'Peter');
INSERT INTO `Employee` (id, familyName, firstName) VALUES (439, 'Großrubatscher', 'Dr.');
INSERT INTO `Employee` (id, familyName, firstName) VALUES (440, 'Holzherr', 'Wolfgang');
INSERT INTO `Employee` (id, familyName, firstName) VALUES (441, 'Höft', 'Burkhard');
INSERT INTO `Employee` (id, familyName, firstName) VALUES (442, 'Krzyszkowski', 'Mag.');
INSERT INTO `Employee` (id, familyName, firstName) VALUES (443, 'Lauder', 'Roman');
INSERT INTO `Employee` (id, familyName, firstName) VALUES (444, 'Orhan', 'Taner');
INSERT INTO `Employee` (id, familyName, firstName) VALUES (445, 'Potgieter', 'André');
INSERT INTO `Employee` (id, familyName, firstName) VALUES (446, 'Song', 'Won-Cheol');
INSERT INTO `Employee` (id, familyName, firstName) VALUES (447, 'Temes', 'Zsolt');
INSERT INTO `Employee` (id, familyName, firstName) VALUES (448, 'Winkler', 'Roland');
INSERT INTO `Employee` (id, familyName, firstName) VALUES (449, 'Zalytskiy', 'Oleg');
INSERT INTO `Employee` (id, familyName, firstName) VALUES (450, 'Özpinar', 'Hakki');
INSERT INTO `Employee` (id, familyName, firstName) VALUES (451, 'Derntl', 'Wolfram');
INSERT INTO `Employee` (id, familyName, firstName) VALUES (452, 'Gruber', 'Franz');
INSERT INTO `Employee` (id, familyName, firstName) VALUES (453, 'Hara', 'Christoph');
INSERT INTO `Employee` (id, familyName, firstName) VALUES (454, 'Ho', 'Meng-Chieh');
INSERT INTO `Employee` (id, familyName, firstName) VALUES (455, 'Knapp', 'Michael');
INSERT INTO `Employee` (id, familyName, firstName) VALUES (456, 'Köber', 'Thomas');
INSERT INTO `Employee` (id, familyName, firstName) VALUES (457, 'Luca', 'Dritan');
INSERT INTO `Employee` (id, familyName, firstName) VALUES (458, 'Lökös', 'Daniel');
INSERT INTO `Employee` (id, familyName, firstName) VALUES (459, 'Müller', 'Martin');
INSERT INTO `Employee` (id, familyName, firstName) VALUES (460, 'Reiterer', 'Gerhard');
INSERT INTO `Employee` (id, familyName, firstName) VALUES (461, 'Stifter', 'Gottfried');
INSERT INTO `Employee` (id, familyName, firstName) VALUES (462, 'Bayvertian', 'Hacik');
INSERT INTO `Employee` (id, familyName, firstName) VALUES (463, 'Equiluz', 'Wolfgang');
INSERT INTO `Employee` (id, familyName, firstName) VALUES (464, 'Gisser', 'Johannes');
INSERT INTO `Employee` (id, familyName, firstName) VALUES (465, 'Huber', 'Mag.');
INSERT INTO `Employee` (id, familyName, firstName) VALUES (466, 'Ijichi', 'Hiroyuki');
INSERT INTO `Employee` (id, familyName, firstName) VALUES (467, 'Kim', 'Jeong-Ho');
INSERT INTO `Employee` (id, familyName, firstName) VALUES (468, 'Nebenführ', 'Karl');
INSERT INTO `Employee` (id, familyName, firstName) VALUES (469, 'Springer', 'Friedrich');
INSERT INTO `Employee` (id, familyName, firstName) VALUES (470, 'Thyringer', 'Martin');
INSERT INTO `Employee` (id, familyName, firstName) VALUES (471, 'Tomaschitz', 'Mag.');
INSERT INTO `Employee` (id, familyName, firstName) VALUES (472, 'Wilder', 'Michael');
INSERT INTO `Employee` (id, familyName, firstName) VALUES (473, 'Burz', 'Liviu');
INSERT INTO `Employee` (id, familyName, firstName) VALUES (474, 'Kuchar', 'Michael');
INSERT INTO `Employee` (id, familyName, firstName) VALUES (475, 'Markovits', 'Csaba');
INSERT INTO `Employee` (id, familyName, firstName) VALUES (476, 'Musger', 'Mag.');
INSERT INTO `Employee` (id, familyName, firstName) VALUES (477, 'Pehal', 'Jaroslav');
INSERT INTO `Employee` (id, familyName, firstName) VALUES (478, 'Pfeiffer', 'Mag.');
INSERT INTO `Employee` (id, familyName, firstName) VALUES (479, 'Rieger', 'Mag.');
INSERT INTO `Employee` (id, familyName, firstName) VALUES (480, 'Sano', 'Wataru');
INSERT INTO `Employee` (id, familyName, firstName) VALUES (481, 'Savran', 'Oleg');
INSERT INTO `Employee` (id, familyName, firstName) VALUES (482, 'Steller', 'Mario');
INSERT INTO `Employee` (id, familyName, firstName) VALUES (483, 'Thyringer', 'Hermann');
INSERT INTO `Employee` (id, familyName, firstName) VALUES (484, 'Tibrea', 'Ion');
INSERT INTO `Employee` (id, familyName, firstName) VALUES (485, 'Aronson', 'David');
INSERT INTO `Employee` (id, familyName, firstName) VALUES (486, 'Bartinai', 'Gábor');
INSERT INTO `Employee` (id, familyName, firstName) VALUES (487, 'Germano', 'Luisella');
INSERT INTO `Employee` (id, familyName, firstName) VALUES (488, 'Hopkins', 'Stephen');
INSERT INTO `Employee` (id, familyName, firstName) VALUES (489, 'Knutsson', 'Mats');
INSERT INTO `Employee` (id, familyName, firstName) VALUES (490, 'Lausmann', 'Thomas');
INSERT INTO `Employee` (id, familyName, firstName) VALUES (491, 'Okerlund', 'Kristin');
INSERT INTO `Employee` (id, familyName, firstName) VALUES (492, 'Pearson', 'James');
INSERT INTO `Employee` (id, familyName, firstName) VALUES (493, 'Restier', 'Cécile');
INSERT INTO `Employee` (id, familyName, firstName) VALUES (494, 'Schlüsselmayr', 'Mag.');
INSERT INTO `Employee` (id, familyName, firstName) VALUES (495, 'Springer', 'Jendrik');
INSERT INTO `Function` (id, name) VALUES (1, 'Sänger / innen');
INSERT INTO `Function` (id, name) VALUES (2, 'Chor');
INSERT INTO `Function` (id, name) VALUES (3, 'Orchester');
INSERT INTO `Function` (id, name) VALUES (4, 'Dirigenten');
INSERT INTO `Function` (id, name) VALUES (5, 'Pianisten');
INSERT INTO `Employee_Function` (id, evaluation, id_employee, id_function) VALUES (null, 1, 1, 3);
INSERT INTO `Employee_Function` (id, evaluation, id_employee, id_function) VALUES (null, 1, 2, 3);
INSERT INTO `Employee_Function` (id, evaluation, id_employee, id_function) VALUES (null, 1, 3, 3);
INSERT INTO `Employee_Function` (id, evaluation, id_employee, id_function) VALUES (null, 1, 4, 3);
INSERT INTO `Employee_Function` (id, evaluation, id_employee, id_function) VALUES (null, 1, 5, 3);
INSERT INTO `Employee_Function` (id, evaluation, id_employee, id_function) VALUES (null, 1, 6, 3);
INSERT INTO `Employee_Function` (id, evaluation, id_employee, id_function) VALUES (null, 1, 7, 3);
INSERT INTO `Employee_Function` (id, evaluation, id_employee, id_function) VALUES (null, 1, 8, 3);
INSERT INTO `Employee_Function` (id, evaluation, id_employee, id_function) VALUES (null, 1, 9, 3);
INSERT INTO `Employee_Function` (id, evaluation, id_employee, id_function) VALUES (null, 1, 10, 3);
INSERT INTO `Employee_Function` (id, evaluation, id_employee, id_function) VALUES (null, 1, 11, 3);
INSERT INTO `Employee_Function` (id, evaluation, id_employee, id_function) VALUES (null, 1, 12, 3);
INSERT INTO `Employee_Function` (id, evaluation, id_employee, id_function) VALUES (null, 1, 13, 3);
INSERT INTO `Employee_Function` (id, evaluation, id_employee, id_function) VALUES (null, 1, 14, 3);
INSERT INTO `Employee_Function` (id, evaluation, id_employee, id_function) VALUES (null, 1, 15, 3);
INSERT INTO `Employee_Function` (id, evaluation, id_employee, id_function) VALUES (null, 1, 16, 3);
INSERT INTO `Employee_Function` (id, evaluation, id_employee, id_function) VALUES (null, 1, 17, 3);
INSERT INTO `Employee_Function` (id, evaluation, id_employee, id_function) VALUES (null, 1, 18, 3);
INSERT INTO `Employee_Function` (id, evaluation, id_employee, id_function) VALUES (null, 1, 19, 3);
INSERT INTO `Employee_Function` (id, evaluation, id_employee, id_function) VALUES (null, 1, 20, 3);
INSERT INTO `Employee_Function` (id, evaluation, id_employee, id_function) VALUES (null, 1, 21, 3);
INSERT INTO `Employee_Function` (id, evaluation, id_employee, id_function) VALUES (null, 1, 22, 3);
INSERT INTO `Employee_Function` (id, evaluation, id_employee, id_function) VALUES (null, 1, 23, 3);
INSERT INTO `Employee_Function` (id, evaluation, id_employee, id_function) VALUES (null, 1, 24, 3);
INSERT INTO `Employee_Function` (id, evaluation, id_employee, id_function) VALUES (null, 1, 25, 3);
INSERT INTO `Employee_Function` (id, evaluation, id_employee, id_function) VALUES (null, 1, 26, 3);
INSERT INTO `Employee_Function` (id, evaluation, id_employee, id_function) VALUES (null, 1, 27, 3);
INSERT INTO `Employee_Function` (id, evaluation, id_employee, id_function) VALUES (null, 1, 28, 3);
INSERT INTO `Employee_Function` (id, evaluation, id_employee, id_function) VALUES (null, 1, 29, 3);
INSERT INTO `Employee_Function` (id, evaluation, id_employee, id_function) VALUES (null, 1, 30, 3);
INSERT INTO `Employee_Function` (id, evaluation, id_employee, id_function) VALUES (null, 1, 31, 3);
INSERT INTO `Employee_Function` (id, evaluation, id_employee, id_function) VALUES (null, 1, 32, 3);
INSERT INTO `Employee_Function` (id, evaluation, id_employee, id_function) VALUES (null, 1, 33, 3);
INSERT INTO `Employee_Function` (id, evaluation, id_employee, id_function) VALUES (null, 1, 34, 3);
INSERT INTO `Employee_Function` (id, evaluation, id_employee, id_function) VALUES (null, 1, 35, 3);
INSERT INTO `Employee_Function` (id, evaluation, id_employee, id_function) VALUES (null, 1, 36, 3);
INSERT INTO `Employee_Function` (id, evaluation, id_employee, id_function) VALUES (null, 1, 37, 3);
INSERT INTO `Employee_Function` (id, evaluation, id_employee, id_function) VALUES (null, 1, 38, 3);
INSERT INTO `Employee_Function` (id, evaluation, id_employee, id_function) VALUES (null, 1, 39, 3);
INSERT INTO `Employee_Function` (id, evaluation, id_employee, id_function) VALUES (null, 1, 40, 3);
INSERT INTO `Employee_Function` (id, evaluation, id_employee, id_function) VALUES (null, 1, 41, 3);
INSERT INTO `Employee_Function` (id, evaluation, id_employee, id_function) VALUES (null, 1, 42, 3);
INSERT INTO `Employee_Function` (id, evaluation, id_employee, id_function) VALUES (null, 1, 43, 3);
INSERT INTO `Employee_Function` (id, evaluation, id_employee, id_function) VALUES (null, 1, 44, 3);
INSERT INTO `Employee_Function` (id, evaluation, id_employee, id_function) VALUES (null, 1, 45, 3);
INSERT INTO `Employee_Function` (id, evaluation, id_employee, id_function) VALUES (null, 1, 46, 3);
INSERT INTO `Employee_Function` (id, evaluation, id_employee, id_function) VALUES (null, 1, 47, 3);
INSERT INTO `Employee_Function` (id, evaluation, id_employee, id_function) VALUES (null, 1, 48, 3);
INSERT INTO `Employee_Function` (id, evaluation, id_employee, id_function) VALUES (null, 1, 49, 3);
INSERT INTO `Employee_Function` (id, evaluation, id_employee, id_function) VALUES (null, 1, 50, 3);
INSERT INTO `Employee_Function` (id, evaluation, id_employee, id_function) VALUES (null, 1, 51, 3);
INSERT INTO `Employee_Function` (id, evaluation, id_employee, id_function) VALUES (null, 1, 52, 3);
INSERT INTO `Employee_Function` (id, evaluation, id_employee, id_function) VALUES (null, 1, 53, 3);
INSERT INTO `Employee_Function` (id, evaluation, id_employee, id_function) VALUES (null, 1, 54, 3);
INSERT INTO `Employee_Function` (id, evaluation, id_employee, id_function) VALUES (null, 1, 55, 3);
INSERT INTO `Employee_Function` (id, evaluation, id_employee, id_function) VALUES (null, 1, 56, 3);
INSERT INTO `Employee_Function` (id, evaluation, id_employee, id_function) VALUES (null, 1, 57, 3);
INSERT INTO `Employee_Function` (id, evaluation, id_employee, id_function) VALUES (null, 1, 58, 3);
INSERT INTO `Employee_Function` (id, evaluation, id_employee, id_function) VALUES (null, 1, 59, 3);
INSERT INTO `Employee_Function` (id, evaluation, id_employee, id_function) VALUES (null, 1, 60, 3);
INSERT INTO `Employee_Function` (id, evaluation, id_employee, id_function) VALUES (null, 1, 61, 3);
INSERT INTO `Employee_Function` (id, evaluation, id_employee, id_function) VALUES (null, 1, 62, 3);
INSERT INTO `Employee_Function` (id, evaluation, id_employee, id_function) VALUES (null, 1, 63, 3);
INSERT INTO `Employee_Function` (id, evaluation, id_employee, id_function) VALUES (null, 1, 64, 3);
INSERT INTO `Employee_Function` (id, evaluation, id_employee, id_function) VALUES (null, 1, 65, 3);
INSERT INTO `Employee_Function` (id, evaluation, id_employee, id_function) VALUES (null, 1, 66, 3);
INSERT INTO `Employee_Function` (id, evaluation, id_employee, id_function) VALUES (null, 1, 67, 3);
INSERT INTO `Employee_Function` (id, evaluation, id_employee, id_function) VALUES (null, 1, 68, 3);
INSERT INTO `Employee_Function` (id, evaluation, id_employee, id_function) VALUES (null, 1, 69, 3);
INSERT INTO `Employee_Function` (id, evaluation, id_employee, id_function) VALUES (null, 1, 70, 3);
INSERT INTO `Employee_Function` (id, evaluation, id_employee, id_function) VALUES (null, 1, 71, 3);
INSERT INTO `Employee_Function` (id, evaluation, id_employee, id_function) VALUES (null, 1, 72, 3);
INSERT INTO `Employee_Function` (id, evaluation, id_employee, id_function) VALUES (null, 1, 73, 3);
INSERT INTO `Employee_Function` (id, evaluation, id_employee, id_function) VALUES (null, 1, 74, 3);
INSERT INTO `Employee_Function` (id, evaluation, id_employee, id_function) VALUES (null, 1, 75, 3);
INSERT INTO `Employee_Function` (id, evaluation, id_employee, id_function) VALUES (null, 1, 76, 3);
INSERT INTO `Employee_Function` (id, evaluation, id_employee, id_function) VALUES (null, 1, 77, 3);
INSERT INTO `Employee_Function` (id, evaluation, id_employee, id_function) VALUES (null, 1, 78, 3);
INSERT INTO `Employee_Function` (id, evaluation, id_employee, id_function) VALUES (null, 1, 79, 3);
INSERT INTO `Employee_Function` (id, evaluation, id_employee, id_function) VALUES (null, 1, 80, 3);
INSERT INTO `Employee_Function` (id, evaluation, id_employee, id_function) VALUES (null, 1, 81, 3);
INSERT INTO `Employee_Function` (id, evaluation, id_employee, id_function) VALUES (null, 1, 82, 3);
INSERT INTO `Employee_Function` (id, evaluation, id_employee, id_function) VALUES (null, 1, 83, 3);
INSERT INTO `Employee_Function` (id, evaluation, id_employee, id_function) VALUES (null, 1, 84, 3);
INSERT INTO `Employee_Function` (id, evaluation, id_employee, id_function) VALUES (null, 1, 85, 3);
INSERT INTO `Employee_Function` (id, evaluation, id_employee, id_function) VALUES (null, 1, 86, 3);
INSERT INTO `Employee_Function` (id, evaluation, id_employee, id_function) VALUES (null, 1, 87, 3);
INSERT INTO `Employee_Function` (id, evaluation, id_employee, id_function) VALUES (null, 1, 88, 3);
INSERT INTO `Employee_Function` (id, evaluation, id_employee, id_function) VALUES (null, 1, 89, 3);
INSERT INTO `Employee_Function` (id, evaluation, id_employee, id_function) VALUES (null, 1, 90, 3);
INSERT INTO `Employee_Function` (id, evaluation, id_employee, id_function) VALUES (null, 1, 91, 3);
INSERT INTO `Employee_Function` (id, evaluation, id_employee, id_function) VALUES (null, 1, 92, 3);
INSERT INTO `Employee_Function` (id, evaluation, id_employee, id_function) VALUES (null, 1, 93, 3);
INSERT INTO `Employee_Function` (id, evaluation, id_employee, id_function) VALUES (null, 1, 94, 3);
INSERT INTO `Employee_Function` (id, evaluation, id_employee, id_function) VALUES (null, 1, 95, 3);
INSERT INTO `Employee_Function` (id, evaluation, id_employee, id_function) VALUES (null, 1, 96, 3);
INSERT INTO `Employee_Function` (id, evaluation, id_employee, id_function) VALUES (null, 1, 97, 3);
INSERT INTO `Employee_Function` (id, evaluation, id_employee, id_function) VALUES (null, 1, 98, 3);
INSERT INTO `Employee_Function` (id, evaluation, id_employee, id_function) VALUES (null, 1, 99, 3);
INSERT INTO `Employee_Function` (id, evaluation, id_employee, id_function) VALUES (null, 1, 100, 3);
INSERT INTO `Employee_Function` (id, evaluation, id_employee, id_function) VALUES (null, 1, 101, 3);
INSERT INTO `Employee_Function` (id, evaluation, id_employee, id_function) VALUES (null, 1, 102, 3);
INSERT INTO `Employee_Function` (id, evaluation, id_employee, id_function) VALUES (null, 1, 103, 3);
INSERT INTO `Employee_Function` (id, evaluation, id_employee, id_function) VALUES (null, 1, 104, 3);
INSERT INTO `Employee_Function` (id, evaluation, id_employee, id_function) VALUES (null, 1, 105, 3);
INSERT INTO `Employee_Function` (id, evaluation, id_employee, id_function) VALUES (null, 1, 106, 3);
INSERT INTO `Employee_Function` (id, evaluation, id_employee, id_function) VALUES (null, 1, 107, 3);
INSERT INTO `Employee_Function` (id, evaluation, id_employee, id_function) VALUES (null, 1, 108, 3);
INSERT INTO `Employee_Function` (id, evaluation, id_employee, id_function) VALUES (null, 1, 109, 3);
INSERT INTO `Employee_Function` (id, evaluation, id_employee, id_function) VALUES (null, 1, 110, 3);
INSERT INTO `Employee_Function` (id, evaluation, id_employee, id_function) VALUES (null, 1, 111, 3);
INSERT INTO `Employee_Function` (id, evaluation, id_employee, id_function) VALUES (null, 1, 112, 3);
INSERT INTO `Employee_Function` (id, evaluation, id_employee, id_function) VALUES (null, 1, 113, 3);
INSERT INTO `Employee_Function` (id, evaluation, id_employee, id_function) VALUES (null, 1, 114, 3);
INSERT INTO `Employee_Function` (id, evaluation, id_employee, id_function) VALUES (null, 1, 115, 3);
INSERT INTO `Employee_Function` (id, evaluation, id_employee, id_function) VALUES (null, 1, 116, 3);
INSERT INTO `Employee_Function` (id, evaluation, id_employee, id_function) VALUES (null, 1, 117, 3);
INSERT INTO `Employee_Function` (id, evaluation, id_employee, id_function) VALUES (null, 1, 118, 3);
INSERT INTO `Employee_Function` (id, evaluation, id_employee, id_function) VALUES (null, 1, 119, 3);
INSERT INTO `Employee_Function` (id, evaluation, id_employee, id_function) VALUES (null, 1, 120, 3);
INSERT INTO `Employee_Function` (id, evaluation, id_employee, id_function) VALUES (null, 1, 121, 3);
INSERT INTO `Employee_Function` (id, evaluation, id_employee, id_function) VALUES (null, 1, 122, 3);
INSERT INTO `Employee_Function` (id, evaluation, id_employee, id_function) VALUES (null, 1, 123, 3);
INSERT INTO `Employee_Function` (id, evaluation, id_employee, id_function) VALUES (null, 1, 124, 3);
INSERT INTO `Employee_Function` (id, evaluation, id_employee, id_function) VALUES (null, 1, 125, 3);
INSERT INTO `Employee_Function` (id, evaluation, id_employee, id_function) VALUES (null, 1, 126, 3);
INSERT INTO `Employee_Function` (id, evaluation, id_employee, id_function) VALUES (null, 1, 127, 3);
INSERT INTO `Employee_Function` (id, evaluation, id_employee, id_function) VALUES (null, 1, 128, 3);
INSERT INTO `Employee_Function` (id, evaluation, id_employee, id_function) VALUES (null, 1, 129, 3);
INSERT INTO `Employee_Function` (id, evaluation, id_employee, id_function) VALUES (null, 1, 130, 3);
INSERT INTO `Employee_Function` (id, evaluation, id_employee, id_function) VALUES (null, 1, 131, 3);
INSERT INTO `Employee_Function` (id, evaluation, id_employee, id_function) VALUES (null, 1, 132, 3);
INSERT INTO `Employee_Function` (id, evaluation, id_employee, id_function) VALUES (null, 1, 133, 3);
INSERT INTO `Employee_Function` (id, evaluation, id_employee, id_function) VALUES (null, 1, 134, 3);
INSERT INTO `Employee_Function` (id, evaluation, id_employee, id_function) VALUES (null, 1, 135, 3);
INSERT INTO `Employee_Function` (id, evaluation, id_employee, id_function) VALUES (null, 1, 136, 3);
INSERT INTO `Employee_Function` (id, evaluation, id_employee, id_function) VALUES (null, 1, 137, 3);
INSERT INTO `Employee_Function` (id, evaluation, id_employee, id_function) VALUES (null, 1, 138, 3);
INSERT INTO `Employee_Function` (id, evaluation, id_employee, id_function) VALUES (null, 1, 139, 3);
INSERT INTO `Employee_Function` (id, evaluation, id_employee, id_function) VALUES (null, 1, 140, 3);
INSERT INTO `Employee_Function` (id, evaluation, id_employee, id_function) VALUES (null, 1, 141, 3);
INSERT INTO `Employee_Function` (id, evaluation, id_employee, id_function) VALUES (null, 1, 142, 3);
INSERT INTO `Employee_Function` (id, evaluation, id_employee, id_function) VALUES (null, 1, 143, 3);
INSERT INTO `Employee_Function` (id, evaluation, id_employee, id_function) VALUES (null, 1, 144, 3);
INSERT INTO `Employee_Function` (id, evaluation, id_employee, id_function) VALUES (null, 2, 145, 4);
INSERT INTO `Employee_Function` (id, evaluation, id_employee, id_function) VALUES (null, 2, 146, 4);
INSERT INTO `Employee_Function` (id, evaluation, id_employee, id_function) VALUES (null, 2, 147, 4);
INSERT INTO `Employee_Function` (id, evaluation, id_employee, id_function) VALUES (null, 2, 148, 4);
INSERT INTO `Employee_Function` (id, evaluation, id_employee, id_function) VALUES (null, 2, 149, 4);
INSERT INTO `Employee_Function` (id, evaluation, id_employee, id_function) VALUES (null, 2, 150, 4);
INSERT INTO `Employee_Function` (id, evaluation, id_employee, id_function) VALUES (null, 2, 151, 4);
INSERT INTO `Employee_Function` (id, evaluation, id_employee, id_function) VALUES (null, 2, 152, 4);
INSERT INTO `Employee_Function` (id, evaluation, id_employee, id_function) VALUES (null, 2, 153, 4);
INSERT INTO `Employee_Function` (id, evaluation, id_employee, id_function) VALUES (null, 2, 154, 4);
INSERT INTO `Employee_Function` (id, evaluation, id_employee, id_function) VALUES (null, 2, 155, 4);
INSERT INTO `Employee_Function` (id, evaluation, id_employee, id_function) VALUES (null, 2, 156, 4);
INSERT INTO `Employee_Function` (id, evaluation, id_employee, id_function) VALUES (null, 2, 157, 4);
INSERT INTO `Employee_Function` (id, evaluation, id_employee, id_function) VALUES (null, 2, 158, 4);
INSERT INTO `Employee_Function` (id, evaluation, id_employee, id_function) VALUES (null, 2, 159, 4);
INSERT INTO `Employee_Function` (id, evaluation, id_employee, id_function) VALUES (null, 2, 160, 4);
INSERT INTO `Employee_Function` (id, evaluation, id_employee, id_function) VALUES (null, 2, 161, 4);
INSERT INTO `Employee_Function` (id, evaluation, id_employee, id_function) VALUES (null, 2, 162, 4);
INSERT INTO `Employee_Function` (id, evaluation, id_employee, id_function) VALUES (null, 2, 163, 4);
INSERT INTO `Employee_Function` (id, evaluation, id_employee, id_function) VALUES (null, 2, 164, 4);
INSERT INTO `Employee_Function` (id, evaluation, id_employee, id_function) VALUES (null, 2, 165, 4);
INSERT INTO `Employee_Function` (id, evaluation, id_employee, id_function) VALUES (null, 2, 166, 4);
INSERT INTO `Employee_Function` (id, evaluation, id_employee, id_function) VALUES (null, 2, 167, 4);
INSERT INTO `Employee_Function` (id, evaluation, id_employee, id_function) VALUES (null, 2, 168, 4);
INSERT INTO `Employee_Function` (id, evaluation, id_employee, id_function) VALUES (null, 2, 169, 4);
INSERT INTO `Employee_Function` (id, evaluation, id_employee, id_function) VALUES (null, 2, 170, 4);
INSERT INTO `Employee_Function` (id, evaluation, id_employee, id_function) VALUES (null, 2, 171, 4);
INSERT INTO `Employee_Function` (id, evaluation, id_employee, id_function) VALUES (null, 2, 172, 4);
INSERT INTO `Employee_Function` (id, evaluation, id_employee, id_function) VALUES (null, 2, 173, 4);
INSERT INTO `Employee_Function` (id, evaluation, id_employee, id_function) VALUES (null, 2, 174, 4);
INSERT INTO `Employee_Function` (id, evaluation, id_employee, id_function) VALUES (null, 2, 175, 4);
INSERT INTO `Employee_Function` (id, evaluation, id_employee, id_function) VALUES (null, 2, 176, 4);
INSERT INTO `Employee_Function` (id, evaluation, id_employee, id_function) VALUES (null, 2, 177, 4);
INSERT INTO `Employee_Function` (id, evaluation, id_employee, id_function) VALUES (null, 2, 178, 4);
INSERT INTO `Employee_Function` (id, evaluation, id_employee, id_function) VALUES (null, 2, 179, 4);
INSERT INTO `Employee_Function` (id, evaluation, id_employee, id_function) VALUES (null, 2, 180, 4);
INSERT INTO `Employee_Function` (id, evaluation, id_employee, id_function) VALUES (null, 2, 181, 4);
INSERT INTO `Employee_Function` (id, evaluation, id_employee, id_function) VALUES (null, 2, 182, 4);
INSERT INTO `Employee_Function` (id, evaluation, id_employee, id_function) VALUES (null, 2, 183, 4);
INSERT INTO `Employee_Function` (id, evaluation, id_employee, id_function) VALUES (null, 2, 184, 4);
INSERT INTO `Employee_Function` (id, evaluation, id_employee, id_function) VALUES (null, 2, 185, 4);
INSERT INTO `Employee_Function` (id, evaluation, id_employee, id_function) VALUES (null, 2, 186, 4);
INSERT INTO `Employee_Function` (id, evaluation, id_employee, id_function) VALUES (null, 2, 187, 4);
INSERT INTO `Employee_Function` (id, evaluation, id_employee, id_function) VALUES (null, 3, 188, 1);
INSERT INTO `Employee_Function` (id, evaluation, id_employee, id_function) VALUES (null, 3, 189, 1);
INSERT INTO `Employee_Function` (id, evaluation, id_employee, id_function) VALUES (null, 3, 190, 1);
INSERT INTO `Employee_Function` (id, evaluation, id_employee, id_function) VALUES (null, 3, 191, 1);
INSERT INTO `Employee_Function` (id, evaluation, id_employee, id_function) VALUES (null, 3, 192, 1);
INSERT INTO `Employee_Function` (id, evaluation, id_employee, id_function) VALUES (null, 3, 193, 1);
INSERT INTO `Employee_Function` (id, evaluation, id_employee, id_function) VALUES (null, 3, 194, 1);
INSERT INTO `Employee_Function` (id, evaluation, id_employee, id_function) VALUES (null, 3, 195, 1);
INSERT INTO `Employee_Function` (id, evaluation, id_employee, id_function) VALUES (null, 3, 196, 1);
INSERT INTO `Employee_Function` (id, evaluation, id_employee, id_function) VALUES (null, 3, 197, 1);
INSERT INTO `Employee_Function` (id, evaluation, id_employee, id_function) VALUES (null, 3, 198, 1);
INSERT INTO `Employee_Function` (id, evaluation, id_employee, id_function) VALUES (null, 3, 199, 1);
INSERT INTO `Employee_Function` (id, evaluation, id_employee, id_function) VALUES (null, 3, 200, 1);
INSERT INTO `Employee_Function` (id, evaluation, id_employee, id_function) VALUES (null, 3, 201, 1);
INSERT INTO `Employee_Function` (id, evaluation, id_employee, id_function) VALUES (null, 3, 202, 1);
INSERT INTO `Employee_Function` (id, evaluation, id_employee, id_function) VALUES (null, 3, 203, 1);
INSERT INTO `Employee_Function` (id, evaluation, id_employee, id_function) VALUES (null, 3, 204, 1);
INSERT INTO `Employee_Function` (id, evaluation, id_employee, id_function) VALUES (null, 3, 205, 1);
INSERT INTO `Employee_Function` (id, evaluation, id_employee, id_function) VALUES (null, 3, 206, 1);
INSERT INTO `Employee_Function` (id, evaluation, id_employee, id_function) VALUES (null, 3, 207, 1);
INSERT INTO `Employee_Function` (id, evaluation, id_employee, id_function) VALUES (null, 3, 208, 1);
INSERT INTO `Employee_Function` (id, evaluation, id_employee, id_function) VALUES (null, 3, 209, 1);
INSERT INTO `Employee_Function` (id, evaluation, id_employee, id_function) VALUES (null, 3, 210, 1);
INSERT INTO `Employee_Function` (id, evaluation, id_employee, id_function) VALUES (null, 3, 211, 1);
INSERT INTO `Employee_Function` (id, evaluation, id_employee, id_function) VALUES (null, 3, 212, 1);
INSERT INTO `Employee_Function` (id, evaluation, id_employee, id_function) VALUES (null, 3, 213, 1);
INSERT INTO `Employee_Function` (id, evaluation, id_employee, id_function) VALUES (null, 3, 214, 1);
INSERT INTO `Employee_Function` (id, evaluation, id_employee, id_function) VALUES (null, 3, 215, 1);
INSERT INTO `Employee_Function` (id, evaluation, id_employee, id_function) VALUES (null, 3, 216, 1);
INSERT INTO `Employee_Function` (id, evaluation, id_employee, id_function) VALUES (null, 3, 217, 1);
INSERT INTO `Employee_Function` (id, evaluation, id_employee, id_function) VALUES (null, 3, 218, 1);
INSERT INTO `Employee_Function` (id, evaluation, id_employee, id_function) VALUES (null, 3, 219, 1);
INSERT INTO `Employee_Function` (id, evaluation, id_employee, id_function) VALUES (null, 3, 220, 1);
INSERT INTO `Employee_Function` (id, evaluation, id_employee, id_function) VALUES (null, 3, 221, 1);
INSERT INTO `Employee_Function` (id, evaluation, id_employee, id_function) VALUES (null, 3, 222, 1);
INSERT INTO `Employee_Function` (id, evaluation, id_employee, id_function) VALUES (null, 3, 223, 1);
INSERT INTO `Employee_Function` (id, evaluation, id_employee, id_function) VALUES (null, 3, 224, 1);
INSERT INTO `Employee_Function` (id, evaluation, id_employee, id_function) VALUES (null, 3, 225, 1);
INSERT INTO `Employee_Function` (id, evaluation, id_employee, id_function) VALUES (null, 3, 226, 1);
INSERT INTO `Employee_Function` (id, evaluation, id_employee, id_function) VALUES (null, 3, 227, 1);
INSERT INTO `Employee_Function` (id, evaluation, id_employee, id_function) VALUES (null, 3, 228, 1);
INSERT INTO `Employee_Function` (id, evaluation, id_employee, id_function) VALUES (null, 3, 229, 1);
INSERT INTO `Employee_Function` (id, evaluation, id_employee, id_function) VALUES (null, 3, 230, 1);
INSERT INTO `Employee_Function` (id, evaluation, id_employee, id_function) VALUES (null, 3, 231, 1);
INSERT INTO `Employee_Function` (id, evaluation, id_employee, id_function) VALUES (null, 3, 232, 1);
INSERT INTO `Employee_Function` (id, evaluation, id_employee, id_function) VALUES (null, 3, 233, 1);
INSERT INTO `Employee_Function` (id, evaluation, id_employee, id_function) VALUES (null, 3, 234, 1);
INSERT INTO `Employee_Function` (id, evaluation, id_employee, id_function) VALUES (null, 3, 235, 1);
INSERT INTO `Employee_Function` (id, evaluation, id_employee, id_function) VALUES (null, 3, 236, 1);
INSERT INTO `Employee_Function` (id, evaluation, id_employee, id_function) VALUES (null, 3, 237, 1);
INSERT INTO `Employee_Function` (id, evaluation, id_employee, id_function) VALUES (null, 3, 238, 1);
INSERT INTO `Employee_Function` (id, evaluation, id_employee, id_function) VALUES (null, 3, 239, 1);
INSERT INTO `Employee_Function` (id, evaluation, id_employee, id_function) VALUES (null, 3, 240, 1);
INSERT INTO `Employee_Function` (id, evaluation, id_employee, id_function) VALUES (null, 3, 241, 1);
INSERT INTO `Employee_Function` (id, evaluation, id_employee, id_function) VALUES (null, 3, 242, 1);
INSERT INTO `Employee_Function` (id, evaluation, id_employee, id_function) VALUES (null, 3, 243, 1);
INSERT INTO `Employee_Function` (id, evaluation, id_employee, id_function) VALUES (null, 3, 244, 1);
INSERT INTO `Employee_Function` (id, evaluation, id_employee, id_function) VALUES (null, 3, 245, 1);
INSERT INTO `Employee_Function` (id, evaluation, id_employee, id_function) VALUES (null, 3, 246, 1);
INSERT INTO `Employee_Function` (id, evaluation, id_employee, id_function) VALUES (null, 3, 247, 1);
INSERT INTO `Employee_Function` (id, evaluation, id_employee, id_function) VALUES (null, 3, 248, 1);
INSERT INTO `Employee_Function` (id, evaluation, id_employee, id_function) VALUES (null, 3, 249, 1);
INSERT INTO `Employee_Function` (id, evaluation, id_employee, id_function) VALUES (null, 3, 250, 1);
INSERT INTO `Employee_Function` (id, evaluation, id_employee, id_function) VALUES (null, 3, 251, 1);
INSERT INTO `Employee_Function` (id, evaluation, id_employee, id_function) VALUES (null, 3, 252, 1);
INSERT INTO `Employee_Function` (id, evaluation, id_employee, id_function) VALUES (null, 3, 253, 1);
INSERT INTO `Employee_Function` (id, evaluation, id_employee, id_function) VALUES (null, 3, 254, 1);
INSERT INTO `Employee_Function` (id, evaluation, id_employee, id_function) VALUES (null, 3, 255, 1);
INSERT INTO `Employee_Function` (id, evaluation, id_employee, id_function) VALUES (null, 3, 256, 1);
INSERT INTO `Employee_Function` (id, evaluation, id_employee, id_function) VALUES (null, 3, 257, 1);
INSERT INTO `Employee_Function` (id, evaluation, id_employee, id_function) VALUES (null, 3, 258, 1);
INSERT INTO `Employee_Function` (id, evaluation, id_employee, id_function) VALUES (null, 3, 259, 1);
INSERT INTO `Employee_Function` (id, evaluation, id_employee, id_function) VALUES (null, 3, 260, 1);
INSERT INTO `Employee_Function` (id, evaluation, id_employee, id_function) VALUES (null, 3, 261, 1);
INSERT INTO `Employee_Function` (id, evaluation, id_employee, id_function) VALUES (null, 3, 262, 1);
INSERT INTO `Employee_Function` (id, evaluation, id_employee, id_function) VALUES (null, 3, 263, 1);
INSERT INTO `Employee_Function` (id, evaluation, id_employee, id_function) VALUES (null, 3, 264, 1);
INSERT INTO `Employee_Function` (id, evaluation, id_employee, id_function) VALUES (null, 3, 265, 1);
INSERT INTO `Employee_Function` (id, evaluation, id_employee, id_function) VALUES (null, 3, 266, 1);
INSERT INTO `Employee_Function` (id, evaluation, id_employee, id_function) VALUES (null, 3, 267, 1);
INSERT INTO `Employee_Function` (id, evaluation, id_employee, id_function) VALUES (null, 3, 268, 1);
INSERT INTO `Employee_Function` (id, evaluation, id_employee, id_function) VALUES (null, 3, 269, 1);
INSERT INTO `Employee_Function` (id, evaluation, id_employee, id_function) VALUES (null, 3, 270, 1);
INSERT INTO `Employee_Function` (id, evaluation, id_employee, id_function) VALUES (null, 3, 271, 1);
INSERT INTO `Employee_Function` (id, evaluation, id_employee, id_function) VALUES (null, 3, 272, 1);
INSERT INTO `Employee_Function` (id, evaluation, id_employee, id_function) VALUES (null, 3, 273, 1);
INSERT INTO `Employee_Function` (id, evaluation, id_employee, id_function) VALUES (null, 3, 274, 1);
INSERT INTO `Employee_Function` (id, evaluation, id_employee, id_function) VALUES (null, 3, 275, 1);
INSERT INTO `Employee_Function` (id, evaluation, id_employee, id_function) VALUES (null, 3, 276, 1);
INSERT INTO `Employee_Function` (id, evaluation, id_employee, id_function) VALUES (null, 3, 277, 1);
INSERT INTO `Employee_Function` (id, evaluation, id_employee, id_function) VALUES (null, 3, 278, 1);
INSERT INTO `Employee_Function` (id, evaluation, id_employee, id_function) VALUES (null, 3, 279, 1);
INSERT INTO `Employee_Function` (id, evaluation, id_employee, id_function) VALUES (null, 3, 280, 1);
INSERT INTO `Employee_Function` (id, evaluation, id_employee, id_function) VALUES (null, 3, 281, 1);
INSERT INTO `Employee_Function` (id, evaluation, id_employee, id_function) VALUES (null, 3, 282, 1);
INSERT INTO `Employee_Function` (id, evaluation, id_employee, id_function) VALUES (null, 3, 283, 1);
INSERT INTO `Employee_Function` (id, evaluation, id_employee, id_function) VALUES (null, 3, 284, 1);
INSERT INTO `Employee_Function` (id, evaluation, id_employee, id_function) VALUES (null, 3, 285, 1);
INSERT INTO `Employee_Function` (id, evaluation, id_employee, id_function) VALUES (null, 3, 286, 1);
INSERT INTO `Employee_Function` (id, evaluation, id_employee, id_function) VALUES (null, 3, 287, 1);
INSERT INTO `Employee_Function` (id, evaluation, id_employee, id_function) VALUES (null, 3, 288, 1);
INSERT INTO `Employee_Function` (id, evaluation, id_employee, id_function) VALUES (null, 3, 289, 1);
INSERT INTO `Employee_Function` (id, evaluation, id_employee, id_function) VALUES (null, 3, 290, 1);
INSERT INTO `Employee_Function` (id, evaluation, id_employee, id_function) VALUES (null, 3, 291, 1);
INSERT INTO `Employee_Function` (id, evaluation, id_employee, id_function) VALUES (null, 3, 292, 1);
INSERT INTO `Employee_Function` (id, evaluation, id_employee, id_function) VALUES (null, 3, 293, 1);
INSERT INTO `Employee_Function` (id, evaluation, id_employee, id_function) VALUES (null, 3, 294, 1);
INSERT INTO `Employee_Function` (id, evaluation, id_employee, id_function) VALUES (null, 3, 295, 1);
INSERT INTO `Employee_Function` (id, evaluation, id_employee, id_function) VALUES (null, 3, 296, 1);
INSERT INTO `Employee_Function` (id, evaluation, id_employee, id_function) VALUES (null, 3, 297, 1);
INSERT INTO `Employee_Function` (id, evaluation, id_employee, id_function) VALUES (null, 3, 298, 1);
INSERT INTO `Employee_Function` (id, evaluation, id_employee, id_function) VALUES (null, 3, 299, 1);
INSERT INTO `Employee_Function` (id, evaluation, id_employee, id_function) VALUES (null, 3, 300, 1);
INSERT INTO `Employee_Function` (id, evaluation, id_employee, id_function) VALUES (null, 3, 301, 1);
INSERT INTO `Employee_Function` (id, evaluation, id_employee, id_function) VALUES (null, 3, 302, 1);
INSERT INTO `Employee_Function` (id, evaluation, id_employee, id_function) VALUES (null, 3, 303, 1);
INSERT INTO `Employee_Function` (id, evaluation, id_employee, id_function) VALUES (null, 3, 304, 1);
INSERT INTO `Employee_Function` (id, evaluation, id_employee, id_function) VALUES (null, 3, 305, 1);
INSERT INTO `Employee_Function` (id, evaluation, id_employee, id_function) VALUES (null, 3, 306, 1);
INSERT INTO `Employee_Function` (id, evaluation, id_employee, id_function) VALUES (null, 3, 307, 1);
INSERT INTO `Employee_Function` (id, evaluation, id_employee, id_function) VALUES (null, 3, 308, 1);
INSERT INTO `Employee_Function` (id, evaluation, id_employee, id_function) VALUES (null, 3, 309, 1);
INSERT INTO `Employee_Function` (id, evaluation, id_employee, id_function) VALUES (null, 3, 310, 1);
INSERT INTO `Employee_Function` (id, evaluation, id_employee, id_function) VALUES (null, 3, 311, 1);
INSERT INTO `Employee_Function` (id, evaluation, id_employee, id_function) VALUES (null, 3, 312, 1);
INSERT INTO `Employee_Function` (id, evaluation, id_employee, id_function) VALUES (null, 3, 313, 1);
INSERT INTO `Employee_Function` (id, evaluation, id_employee, id_function) VALUES (null, 3, 314, 1);
INSERT INTO `Employee_Function` (id, evaluation, id_employee, id_function) VALUES (null, 3, 315, 1);
INSERT INTO `Employee_Function` (id, evaluation, id_employee, id_function) VALUES (null, 3, 316, 1);
INSERT INTO `Employee_Function` (id, evaluation, id_employee, id_function) VALUES (null, 3, 317, 1);
INSERT INTO `Employee_Function` (id, evaluation, id_employee, id_function) VALUES (null, 3, 318, 1);
INSERT INTO `Employee_Function` (id, evaluation, id_employee, id_function) VALUES (null, 3, 319, 1);
INSERT INTO `Employee_Function` (id, evaluation, id_employee, id_function) VALUES (null, 3, 320, 1);
INSERT INTO `Employee_Function` (id, evaluation, id_employee, id_function) VALUES (null, 3, 321, 1);
INSERT INTO `Employee_Function` (id, evaluation, id_employee, id_function) VALUES (null, 3, 322, 1);
INSERT INTO `Employee_Function` (id, evaluation, id_employee, id_function) VALUES (null, 3, 323, 1);
INSERT INTO `Employee_Function` (id, evaluation, id_employee, id_function) VALUES (null, 3, 324, 1);
INSERT INTO `Employee_Function` (id, evaluation, id_employee, id_function) VALUES (null, 3, 325, 1);
INSERT INTO `Employee_Function` (id, evaluation, id_employee, id_function) VALUES (null, 3, 326, 1);
INSERT INTO `Employee_Function` (id, evaluation, id_employee, id_function) VALUES (null, 3, 327, 1);
INSERT INTO `Employee_Function` (id, evaluation, id_employee, id_function) VALUES (null, 3, 328, 1);
INSERT INTO `Employee_Function` (id, evaluation, id_employee, id_function) VALUES (null, 3, 329, 1);
INSERT INTO `Employee_Function` (id, evaluation, id_employee, id_function) VALUES (null, 3, 330, 1);
INSERT INTO `Employee_Function` (id, evaluation, id_employee, id_function) VALUES (null, 3, 331, 1);
INSERT INTO `Employee_Function` (id, evaluation, id_employee, id_function) VALUES (null, 3, 332, 1);
INSERT INTO `Employee_Function` (id, evaluation, id_employee, id_function) VALUES (null, 3, 333, 1);
INSERT INTO `Employee_Function` (id, evaluation, id_employee, id_function) VALUES (null, 3, 334, 1);
INSERT INTO `Employee_Function` (id, evaluation, id_employee, id_function) VALUES (null, 3, 335, 1);
INSERT INTO `Employee_Function` (id, evaluation, id_employee, id_function) VALUES (null, 3, 336, 1);
INSERT INTO `Employee_Function` (id, evaluation, id_employee, id_function) VALUES (null, 3, 337, 1);
INSERT INTO `Employee_Function` (id, evaluation, id_employee, id_function) VALUES (null, 3, 338, 1);
INSERT INTO `Employee_Function` (id, evaluation, id_employee, id_function) VALUES (null, 3, 339, 1);
INSERT INTO `Employee_Function` (id, evaluation, id_employee, id_function) VALUES (null, 3, 340, 1);
INSERT INTO `Employee_Function` (id, evaluation, id_employee, id_function) VALUES (null, 3, 341, 1);
INSERT INTO `Employee_Function` (id, evaluation, id_employee, id_function) VALUES (null, 3, 342, 1);
INSERT INTO `Employee_Function` (id, evaluation, id_employee, id_function) VALUES (null, 3, 343, 1);
INSERT INTO `Employee_Function` (id, evaluation, id_employee, id_function) VALUES (null, 3, 344, 1);
INSERT INTO `Employee_Function` (id, evaluation, id_employee, id_function) VALUES (null, 3, 345, 1);
INSERT INTO `Employee_Function` (id, evaluation, id_employee, id_function) VALUES (null, 3, 346, 1);
INSERT INTO `Employee_Function` (id, evaluation, id_employee, id_function) VALUES (null, 3, 347, 1);
INSERT INTO `Employee_Function` (id, evaluation, id_employee, id_function) VALUES (null, 3, 348, 1);
INSERT INTO `Employee_Function` (id, evaluation, id_employee, id_function) VALUES (null, 3, 349, 1);
INSERT INTO `Employee_Function` (id, evaluation, id_employee, id_function) VALUES (null, 3, 350, 1);
INSERT INTO `Employee_Function` (id, evaluation, id_employee, id_function) VALUES (null, 3, 351, 1);
INSERT INTO `Employee_Function` (id, evaluation, id_employee, id_function) VALUES (null, 3, 352, 1);
INSERT INTO `Employee_Function` (id, evaluation, id_employee, id_function) VALUES (null, 3, 353, 1);
INSERT INTO `Employee_Function` (id, evaluation, id_employee, id_function) VALUES (null, 3, 354, 1);
INSERT INTO `Employee_Function` (id, evaluation, id_employee, id_function) VALUES (null, 3, 355, 1);
INSERT INTO `Employee_Function` (id, evaluation, id_employee, id_function) VALUES (null, 3, 356, 1);
INSERT INTO `Employee_Function` (id, evaluation, id_employee, id_function) VALUES (null, 3, 357, 1);
INSERT INTO `Employee_Function` (id, evaluation, id_employee, id_function) VALUES (null, 3, 358, 1);
INSERT INTO `Employee_Function` (id, evaluation, id_employee, id_function) VALUES (null, 3, 359, 1);
INSERT INTO `Employee_Function` (id, evaluation, id_employee, id_function) VALUES (null, 3, 360, 1);
INSERT INTO `Employee_Function` (id, evaluation, id_employee, id_function) VALUES (null, 3, 361, 1);
INSERT INTO `Employee_Function` (id, evaluation, id_employee, id_function) VALUES (null, 3, 362, 1);
INSERT INTO `Employee_Function` (id, evaluation, id_employee, id_function) VALUES (null, 3, 363, 1);
INSERT INTO `Employee_Function` (id, evaluation, id_employee, id_function) VALUES (null, 3, 364, 1);
INSERT INTO `Employee_Function` (id, evaluation, id_employee, id_function) VALUES (null, 3, 365, 1);
INSERT INTO `Employee_Function` (id, evaluation, id_employee, id_function) VALUES (null, 3, 366, 1);
INSERT INTO `Employee_Function` (id, evaluation, id_employee, id_function) VALUES (null, 3, 367, 1);
INSERT INTO `Employee_Function` (id, evaluation, id_employee, id_function) VALUES (null, 3, 368, 1);
INSERT INTO `Employee_Function` (id, evaluation, id_employee, id_function) VALUES (null, 3, 369, 1);
INSERT INTO `Employee_Function` (id, evaluation, id_employee, id_function) VALUES (null, 3, 370, 1);
INSERT INTO `Employee_Function` (id, evaluation, id_employee, id_function) VALUES (null, 3, 371, 1);
INSERT INTO `Employee_Function` (id, evaluation, id_employee, id_function) VALUES (null, 3, 372, 1);
INSERT INTO `Employee_Function` (id, evaluation, id_employee, id_function) VALUES (null, 3, 373, 1);
INSERT INTO `Employee_Function` (id, evaluation, id_employee, id_function) VALUES (null, 3, 374, 1);
INSERT INTO `Employee_Function` (id, evaluation, id_employee, id_function) VALUES (null, 3, 375, 1);
INSERT INTO `Employee_Function` (id, evaluation, id_employee, id_function) VALUES (null, 3, 376, 1);
INSERT INTO `Employee_Function` (id, evaluation, id_employee, id_function) VALUES (null, 3, 377, 1);
INSERT INTO `Employee_Function` (id, evaluation, id_employee, id_function) VALUES (null, 3, 378, 1);
INSERT INTO `Employee_Function` (id, evaluation, id_employee, id_function) VALUES (null, 3, 379, 1);
INSERT INTO `Employee_Function` (id, evaluation, id_employee, id_function) VALUES (null, 3, 380, 1);
INSERT INTO `Employee_Function` (id, evaluation, id_employee, id_function) VALUES (null, 3, 381, 1);
INSERT INTO `Employee_Function` (id, evaluation, id_employee, id_function) VALUES (null, 3, 382, 1);
INSERT INTO `Employee_Function` (id, evaluation, id_employee, id_function) VALUES (null, 3, 383, 1);
INSERT INTO `Employee_Function` (id, evaluation, id_employee, id_function) VALUES (null, 3, 384, 1);
INSERT INTO `Employee_Function` (id, evaluation, id_employee, id_function) VALUES (null, 3, 385, 1);
INSERT INTO `Employee_Function` (id, evaluation, id_employee, id_function) VALUES (null, 3, 386, 1);
INSERT INTO `Employee_Function` (id, evaluation, id_employee, id_function) VALUES (null, 3, 387, 1);
INSERT INTO `Employee_Function` (id, evaluation, id_employee, id_function) VALUES (null, 3, 388, 1);
INSERT INTO `Employee_Function` (id, evaluation, id_employee, id_function) VALUES (null, 3, 389, 1);
INSERT INTO `Employee_Function` (id, evaluation, id_employee, id_function) VALUES (null, 3, 390, 1);
INSERT INTO `Employee_Function` (id, evaluation, id_employee, id_function) VALUES (null, 3, 391, 1);
INSERT INTO `Employee_Function` (id, evaluation, id_employee, id_function) VALUES (null, 2, 392, 2);
INSERT INTO `Employee_Function` (id, evaluation, id_employee, id_function) VALUES (null, 2, 393, 2);
INSERT INTO `Employee_Function` (id, evaluation, id_employee, id_function) VALUES (null, 2, 394, 2);
INSERT INTO `Employee_Function` (id, evaluation, id_employee, id_function) VALUES (null, 2, 395, 2);
INSERT INTO `Employee_Function` (id, evaluation, id_employee, id_function) VALUES (null, 2, 396, 2);
INSERT INTO `Employee_Function` (id, evaluation, id_employee, id_function) VALUES (null, 2, 397, 2);
INSERT INTO `Employee_Function` (id, evaluation, id_employee, id_function) VALUES (null, 2, 398, 2);
INSERT INTO `Employee_Function` (id, evaluation, id_employee, id_function) VALUES (null, 2, 399, 2);
INSERT INTO `Employee_Function` (id, evaluation, id_employee, id_function) VALUES (null, 2, 400, 2);
INSERT INTO `Employee_Function` (id, evaluation, id_employee, id_function) VALUES (null, 2, 401, 2);
INSERT INTO `Employee_Function` (id, evaluation, id_employee, id_function) VALUES (null, 2, 402, 2);
INSERT INTO `Employee_Function` (id, evaluation, id_employee, id_function) VALUES (null, 2, 403, 2);
INSERT INTO `Employee_Function` (id, evaluation, id_employee, id_function) VALUES (null, 2, 404, 2);
INSERT INTO `Employee_Function` (id, evaluation, id_employee, id_function) VALUES (null, 2, 405, 2);
INSERT INTO `Employee_Function` (id, evaluation, id_employee, id_function) VALUES (null, 2, 406, 2);
INSERT INTO `Employee_Function` (id, evaluation, id_employee, id_function) VALUES (null, 2, 407, 2);
INSERT INTO `Employee_Function` (id, evaluation, id_employee, id_function) VALUES (null, 2, 408, 2);
INSERT INTO `Employee_Function` (id, evaluation, id_employee, id_function) VALUES (null, 2, 409, 2);
INSERT INTO `Employee_Function` (id, evaluation, id_employee, id_function) VALUES (null, 2, 410, 2);
INSERT INTO `Employee_Function` (id, evaluation, id_employee, id_function) VALUES (null, 2, 411, 2);
INSERT INTO `Employee_Function` (id, evaluation, id_employee, id_function) VALUES (null, 2, 412, 2);
INSERT INTO `Employee_Function` (id, evaluation, id_employee, id_function) VALUES (null, 2, 413, 2);
INSERT INTO `Employee_Function` (id, evaluation, id_employee, id_function) VALUES (null, 2, 414, 2);
INSERT INTO `Employee_Function` (id, evaluation, id_employee, id_function) VALUES (null, 2, 415, 2);
INSERT INTO `Employee_Function` (id, evaluation, id_employee, id_function) VALUES (null, 2, 416, 2);
INSERT INTO `Employee_Function` (id, evaluation, id_employee, id_function) VALUES (null, 2, 417, 2);
INSERT INTO `Employee_Function` (id, evaluation, id_employee, id_function) VALUES (null, 2, 418, 2);
INSERT INTO `Employee_Function` (id, evaluation, id_employee, id_function) VALUES (null, 2, 419, 2);
INSERT INTO `Employee_Function` (id, evaluation, id_employee, id_function) VALUES (null, 2, 420, 2);
INSERT INTO `Employee_Function` (id, evaluation, id_employee, id_function) VALUES (null, 2, 421, 2);
INSERT INTO `Employee_Function` (id, evaluation, id_employee, id_function) VALUES (null, 2, 422, 2);
INSERT INTO `Employee_Function` (id, evaluation, id_employee, id_function) VALUES (null, 2, 423, 2);
INSERT INTO `Employee_Function` (id, evaluation, id_employee, id_function) VALUES (null, 2, 424, 2);
INSERT INTO `Employee_Function` (id, evaluation, id_employee, id_function) VALUES (null, 2, 425, 2);
INSERT INTO `Employee_Function` (id, evaluation, id_employee, id_function) VALUES (null, 2, 426, 2);
INSERT INTO `Employee_Function` (id, evaluation, id_employee, id_function) VALUES (null, 2, 427, 2);
INSERT INTO `Employee_Function` (id, evaluation, id_employee, id_function) VALUES (null, 2, 428, 2);
INSERT INTO `Employee_Function` (id, evaluation, id_employee, id_function) VALUES (null, 2, 429, 2);
INSERT INTO `Employee_Function` (id, evaluation, id_employee, id_function) VALUES (null, 2, 430, 2);
INSERT INTO `Employee_Function` (id, evaluation, id_employee, id_function) VALUES (null, 2, 431, 2);
INSERT INTO `Employee_Function` (id, evaluation, id_employee, id_function) VALUES (null, 2, 432, 2);
INSERT INTO `Employee_Function` (id, evaluation, id_employee, id_function) VALUES (null, 2, 433, 2);
INSERT INTO `Employee_Function` (id, evaluation, id_employee, id_function) VALUES (null, 2, 434, 2);
INSERT INTO `Employee_Function` (id, evaluation, id_employee, id_function) VALUES (null, 2, 435, 2);
INSERT INTO `Employee_Function` (id, evaluation, id_employee, id_function) VALUES (null, 2, 436, 2);
INSERT INTO `Employee_Function` (id, evaluation, id_employee, id_function) VALUES (null, 2, 437, 2);
INSERT INTO `Employee_Function` (id, evaluation, id_employee, id_function) VALUES (null, 2, 438, 2);
INSERT INTO `Employee_Function` (id, evaluation, id_employee, id_function) VALUES (null, 2, 439, 2);
INSERT INTO `Employee_Function` (id, evaluation, id_employee, id_function) VALUES (null, 2, 440, 2);
INSERT INTO `Employee_Function` (id, evaluation, id_employee, id_function) VALUES (null, 2, 441, 2);
INSERT INTO `Employee_Function` (id, evaluation, id_employee, id_function) VALUES (null, 2, 442, 2);
INSERT INTO `Employee_Function` (id, evaluation, id_employee, id_function) VALUES (null, 2, 443, 2);
INSERT INTO `Employee_Function` (id, evaluation, id_employee, id_function) VALUES (null, 2, 444, 2);
INSERT INTO `Employee_Function` (id, evaluation, id_employee, id_function) VALUES (null, 2, 445, 2);
INSERT INTO `Employee_Function` (id, evaluation, id_employee, id_function) VALUES (null, 2, 446, 2);
INSERT INTO `Employee_Function` (id, evaluation, id_employee, id_function) VALUES (null, 2, 447, 2);
INSERT INTO `Employee_Function` (id, evaluation, id_employee, id_function) VALUES (null, 2, 448, 2);
INSERT INTO `Employee_Function` (id, evaluation, id_employee, id_function) VALUES (null, 2, 449, 2);
INSERT INTO `Employee_Function` (id, evaluation, id_employee, id_function) VALUES (null, 2, 450, 2);
INSERT INTO `Employee_Function` (id, evaluation, id_employee, id_function) VALUES (null, 2, 451, 2);
INSERT INTO `Employee_Function` (id, evaluation, id_employee, id_function) VALUES (null, 2, 452, 2);
INSERT INTO `Employee_Function` (id, evaluation, id_employee, id_function) VALUES (null, 2, 453, 2);
INSERT INTO `Employee_Function` (id, evaluation, id_employee, id_function) VALUES (null, 2, 454, 2);
INSERT INTO `Employee_Function` (id, evaluation, id_employee, id_function) VALUES (null, 2, 455, 2);
INSERT INTO `Employee_Function` (id, evaluation, id_employee, id_function) VALUES (null, 2, 456, 2);
INSERT INTO `Employee_Function` (id, evaluation, id_employee, id_function) VALUES (null, 2, 457, 2);
INSERT INTO `Employee_Function` (id, evaluation, id_employee, id_function) VALUES (null, 2, 458, 2);
INSERT INTO `Employee_Function` (id, evaluation, id_employee, id_function) VALUES (null, 2, 459, 2);
INSERT INTO `Employee_Function` (id, evaluation, id_employee, id_function) VALUES (null, 2, 460, 2);
INSERT INTO `Employee_Function` (id, evaluation, id_employee, id_function) VALUES (null, 2, 461, 2);
INSERT INTO `Employee_Function` (id, evaluation, id_employee, id_function) VALUES (null, 2, 462, 2);
INSERT INTO `Employee_Function` (id, evaluation, id_employee, id_function) VALUES (null, 2, 463, 2);
INSERT INTO `Employee_Function` (id, evaluation, id_employee, id_function) VALUES (null, 2, 464, 2);
INSERT INTO `Employee_Function` (id, evaluation, id_employee, id_function) VALUES (null, 2, 465, 2);
INSERT INTO `Employee_Function` (id, evaluation, id_employee, id_function) VALUES (null, 2, 466, 2);
INSERT INTO `Employee_Function` (id, evaluation, id_employee, id_function) VALUES (null, 2, 467, 2);
INSERT INTO `Employee_Function` (id, evaluation, id_employee, id_function) VALUES (null, 2, 468, 2);
INSERT INTO `Employee_Function` (id, evaluation, id_employee, id_function) VALUES (null, 2, 469, 2);
INSERT INTO `Employee_Function` (id, evaluation, id_employee, id_function) VALUES (null, 2, 470, 2);
INSERT INTO `Employee_Function` (id, evaluation, id_employee, id_function) VALUES (null, 2, 471, 2);
INSERT INTO `Employee_Function` (id, evaluation, id_employee, id_function) VALUES (null, 2, 472, 2);
INSERT INTO `Employee_Function` (id, evaluation, id_employee, id_function) VALUES (null, 2, 473, 2);
INSERT INTO `Employee_Function` (id, evaluation, id_employee, id_function) VALUES (null, 2, 474, 2);
INSERT INTO `Employee_Function` (id, evaluation, id_employee, id_function) VALUES (null, 2, 475, 2);
INSERT INTO `Employee_Function` (id, evaluation, id_employee, id_function) VALUES (null, 2, 476, 2);
INSERT INTO `Employee_Function` (id, evaluation, id_employee, id_function) VALUES (null, 2, 477, 2);
INSERT INTO `Employee_Function` (id, evaluation, id_employee, id_function) VALUES (null, 2, 478, 2);
INSERT INTO `Employee_Function` (id, evaluation, id_employee, id_function) VALUES (null, 2, 479, 2);
INSERT INTO `Employee_Function` (id, evaluation, id_employee, id_function) VALUES (null, 2, 480, 2);
INSERT INTO `Employee_Function` (id, evaluation, id_employee, id_function) VALUES (null, 2, 481, 2);
INSERT INTO `Employee_Function` (id, evaluation, id_employee, id_function) VALUES (null, 2, 482, 2);
INSERT INTO `Employee_Function` (id, evaluation, id_employee, id_function) VALUES (null, 2, 483, 2);
INSERT INTO `Employee_Function` (id, evaluation, id_employee, id_function) VALUES (null, 2, 484, 2);
INSERT INTO `Employee_Function` (id, evaluation, id_employee, id_function) VALUES (null, 1, 485, 5);
INSERT INTO `Employee_Function` (id, evaluation, id_employee, id_function) VALUES (null, 1, 486, 5);
INSERT INTO `Employee_Function` (id, evaluation, id_employee, id_function) VALUES (null, 1, 487, 5);
INSERT INTO `Employee_Function` (id, evaluation, id_employee, id_function) VALUES (null, 1, 488, 5);
INSERT INTO `Employee_Function` (id, evaluation, id_employee, id_function) VALUES (null, 1, 489, 5);
INSERT INTO `Employee_Function` (id, evaluation, id_employee, id_function) VALUES (null, 1, 490, 5);
INSERT INTO `Employee_Function` (id, evaluation, id_employee, id_function) VALUES (null, 1, 491, 5);
INSERT INTO `Employee_Function` (id, evaluation, id_employee, id_function) VALUES (null, 1, 492, 5);
INSERT INTO `Employee_Function` (id, evaluation, id_employee, id_function) VALUES (null, 1, 493, 5);
INSERT INTO `Employee_Function` (id, evaluation, id_employee, id_function) VALUES (null, 1, 494, 5);
INSERT INTO `Employee_Function` (id, evaluation, id_employee, id_function) VALUES (null, 1, 495, 5);
