INSERT INTO `Employee` (id, familyName, firstName) VALUES (1, 'Küchl', 'Rainer');
INSERT INTO `Employee` (id, familyName, firstName) VALUES (2, 'Steude', 'Volkhard');
INSERT INTO `Employee` (id, familyName, firstName) VALUES (3, 'Honeck', 'Rainer');
INSERT INTO `Employee` (id, familyName, firstName) VALUES (4, 'Danailova', 'Albena');
INSERT INTO `Employee` (id, familyName, firstName) VALUES (5, 'Seifert', 'Eckhard');
INSERT INTO `Employee` (id, familyName, firstName) VALUES (6, 'Schagerl', 'Erich');
INSERT INTO `Employee` (id, familyName, firstName) VALUES (7, 'Großbauer', 'Andreas');
INSERT INTO `Employee` (id, familyName, firstName) VALUES (8, 'Kroisamer', 'Hubert');
INSERT INTO `Employee` (id, familyName, firstName) VALUES (9, 'Setena', 'Milan');
INSERT INTO `Employee` (id, familyName, firstName) VALUES (10, 'Kuzmichev', 'Pavel');
INSERT INTO `Employee` (id, familyName, firstName) VALUES (11, 'Hell', 'Josef');
INSERT INTO `Employee` (id, familyName, firstName) VALUES (12, 'Kubik', 'Martin');
INSERT INTO `Employee` (id, familyName, firstName) VALUES (13, 'Kurylyak', 'Olesya');
INSERT INTO `Employee` (id, familyName, firstName) VALUES (14, 'Keller', 'Jun');
INSERT INTO `Employee` (id, familyName, firstName) VALUES (15, 'Zalodek', 'Martin');
INSERT INTO `Employee` (id, familyName, firstName) VALUES (16, 'Brilinsky', 'Maxim');
INSERT INTO `Employee` (id, familyName, firstName) VALUES (17, 'Froschauer', 'Daniel');
INSERT INTO `Employee` (id, familyName, firstName) VALUES (18, 'Kobantschenko', 'Kirill');
INSERT INTO `Employee` (id, familyName, firstName) VALUES (19, 'Küblböck', 'Thomas');
INSERT INTO `Employee` (id, familyName, firstName) VALUES (20, 'Seifert', 'Günther');
INSERT INTO `Employee` (id, familyName, firstName) VALUES (21, 'Hedenborg', 'Wilfried');
INSERT INTO `Employee` (id, familyName, firstName) VALUES (22, 'Pinchas', 'Alina');
INSERT INTO `Employee` (id, familyName, firstName) VALUES (23, 'Hellsberg', 'Clemens');
INSERT INTO `Employee` (id, familyName, firstName) VALUES (24, 'Tomböck', 'Johannes');
INSERT INTO `Employee` (id, familyName, firstName) VALUES (25, 'Biberauer', 'Bernhard');
INSERT INTO `Employee` (id, familyName, firstName) VALUES (26, 'Ballot', 'Isabelle');
INSERT INTO `Employee` (id, familyName, firstName) VALUES (27, 'Lissy', 'Raimund');
INSERT INTO `Employee` (id, familyName, firstName) VALUES (28, 'Kovác', 'Tibor');
INSERT INTO `Employee` (id, familyName, firstName) VALUES (29, 'Koncz', 'Christoph');
INSERT INTO `Employee` (id, familyName, firstName) VALUES (30, 'Schubert', 'Gerald');
INSERT INTO `Employee` (id, familyName, firstName) VALUES (31, 'Staar', 'René');
INSERT INTO `Employee` (id, familyName, firstName) VALUES (32, 'Zehetner', 'Helmut');
INSERT INTO `Employee` (id, familyName, firstName) VALUES (33, 'Fritthum', 'George');
INSERT INTO `Employee` (id, familyName, firstName) VALUES (34, 'Steinberger', 'exander');
INSERT INTO `Employee` (id, familyName, firstName) VALUES (35, 'Krumpöck', 'Harald');
INSERT INTO `Employee` (id, familyName, firstName) VALUES (36, 'Kostka', 'Michael');
INSERT INTO `Employee` (id, familyName, firstName) VALUES (37, 'Benedikt', 'Charles');
INSERT INTO `Employee` (id, familyName, firstName) VALUES (38, 'Lesko', 'Marian');
INSERT INTO `Employee` (id, familyName, firstName) VALUES (39, 'Kostner', 'Johannes');
INSERT INTO `Employee` (id, familyName, firstName) VALUES (40, 'Klimek', 'Martin');
INSERT INTO `Employee` (id, familyName, firstName) VALUES (41, 'Andrusenko', 'Jewgenij');
INSERT INTO `Employee` (id, familyName, firstName) VALUES (42, 'Doli', 'Shkelzen');
INSERT INTO `Employee` (id, familyName, firstName) VALUES (43, 'Hellsberg', 'Dominik');
INSERT INTO `Employee` (id, familyName, firstName) VALUES (44, 'Groh', 'Holger');
INSERT INTO `Employee` (id, familyName, firstName) VALUES (45, 'Koll', 'Patricia');
INSERT INTO `Employee` (id, familyName, firstName) VALUES (46, 'Koll', 'Heinrich');
INSERT INTO `Employee` (id, familyName, firstName) VALUES (47, 'Lea', 'Tobias');
INSERT INTO `Employee` (id, familyName, firstName) VALUES (48, 'Frohn', 'Christian');
INSERT INTO `Employee` (id, familyName, firstName) VALUES (49, 'Rath', 'Wolf-Dieter');
INSERT INTO `Employee` (id, familyName, firstName) VALUES (50, 'Bauerstatter', 'Robert');
INSERT INTO `Employee` (id, familyName, firstName) VALUES (51, 'Marschner', 'Gerhard');
INSERT INTO `Employee` (id, familyName, firstName) VALUES (52, 'Mario', 'Dr.');
INSERT INTO `Employee` (id, familyName, firstName) VALUES (53, 'Lemberg', 'Martin');
INSERT INTO `Employee` (id, familyName, firstName) VALUES (54, 'Landerer', 'Elmar');
INSERT INTO `Employee` (id, familyName, firstName) VALUES (55, 'Plaichinger', 'Ursula');
INSERT INTO `Employee` (id, familyName, firstName) VALUES (56, 'Grabko', 'Innokenti');
INSERT INTO `Employee` (id, familyName, firstName) VALUES (57, 'Strasser', 'Michael');
INSERT INTO `Employee` (id, familyName, firstName) VALUES (58, 'Fechner', 'Thilo');
INSERT INTO `Employee` (id, familyName, firstName) VALUES (59, 'Hajek', 'Thomas');
INSERT INTO `Employee` (id, familyName, firstName) VALUES (60, 'Ivanova', 'Daniela');
INSERT INTO `Employee` (id, familyName, firstName) VALUES (61, 'Führlinger', 'Sebastian');
INSERT INTO `Employee` (id, familyName, firstName) VALUES (62, 'Varga', 'Tamás');
INSERT INTO `Employee` (id, familyName, firstName) VALUES (63, 'Nagy', 'Robert');
INSERT INTO `Employee` (id, familyName, firstName) VALUES (64, 'Somodari', 'Peter');
INSERT INTO `Employee` (id, familyName, firstName) VALUES (65, 'Dolezal', 'Friedrich');
INSERT INTO `Employee` (id, familyName, firstName) VALUES (66, 'Flieder', 'Raphael');
INSERT INTO `Employee` (id, familyName, firstName) VALUES (67, 'Bornemisza', 'Csaba');
INSERT INTO `Employee` (id, familyName, firstName) VALUES (68, 'Iberer', 'Gerhard');
INSERT INTO `Employee` (id, familyName, firstName) VALUES (69, 'Härtel', 'Wolfgang');
INSERT INTO `Employee` (id, familyName, firstName) VALUES (70, 'Wex', 'Ursula');
INSERT INTO `Employee` (id, familyName, firstName) VALUES (71, 'Schwarz-Schulz', 'Eckhard');
INSERT INTO `Employee` (id, familyName, firstName) VALUES (72, 'Bru', 'Sebastian');
INSERT INTO `Employee` (id, familyName, firstName) VALUES (73, 'Gartmayer', 'Stefan');
INSERT INTO `Employee` (id, familyName, firstName) VALUES (74, 'Pashko', 'Edison');
INSERT INTO `Employee` (id, familyName, firstName) VALUES (75, 'Naoki ', 'Bernhard');
INSERT INTO `Employee` (id, familyName, firstName) VALUES (76, 'Mayr', 'Herbert');
INSERT INTO `Employee` (id, familyName, firstName) VALUES (77, 'Wimmer', 'Christoph');
INSERT INTO `Employee` (id, familyName, firstName) VALUES (78, 'Racz', 'Ödön');
INSERT INTO `Employee` (id, familyName, firstName) VALUES (79, 'Dybal', 'Jerzy');
INSERT INTO `Employee` (id, familyName, firstName) VALUES (80, 'Hrastnik', 'Iztok');
INSERT INTO `Employee` (id, familyName, firstName) VALUES (81, 'Matschinegg', 'Alexander');
INSERT INTO `Employee` (id, familyName, firstName) VALUES (82, 'Bladerer', 'Michael');
INSERT INTO `Employee` (id, familyName, firstName) VALUES (83, 'Sikorski', 'Bartosz');
INSERT INTO `Employee` (id, familyName, firstName) VALUES (84, 'Leser', 'Jan-Georg');
INSERT INTO `Employee` (id, familyName, firstName) VALUES (85, 'Gorski', 'Jedrzej');
INSERT INTO `Employee` (id, familyName, firstName) VALUES (86, 'Waldmann', 'Filip');
INSERT INTO `Employee` (id, familyName, firstName) VALUES (87, 'Mai', 'Elias');
INSERT INTO `Employee` (id, familyName, firstName) VALUES (88, 'Neunteufel', 'Dominik');
INSERT INTO `Employee` (id, familyName, firstName) VALUES (89, 'Balzereit-Zell', 'Charlotte');
INSERT INTO `Employee` (id, familyName, firstName) VALUES (90, 'Lenaerts', 'Anneleen');
INSERT INTO `Employee` (id, familyName, firstName) VALUES (91, 'Flury', 'Dieter');
INSERT INTO `Employee` (id, familyName, firstName) VALUES (92, 'Auer', 'Walter');
INSERT INTO `Employee` (id, familyName, firstName) VALUES (93, 'Schütz', 'Karl-Heinz');
INSERT INTO `Employee` (id, familyName, firstName) VALUES (94, 'Federsel', 'Günter');
INSERT INTO `Employee` (id, familyName, firstName) VALUES (95, 'Breinschmid', 'Wolfgang');
INSERT INTO `Employee` (id, familyName, firstName) VALUES (96, 'Bonelli', 'Karin');
INSERT INTO `Employee` (id, familyName, firstName) VALUES (97, 'Gabriel', 'Martin');
INSERT INTO `Employee` (id, familyName, firstName) VALUES (98, 'Horak', 'Clemens');
INSERT INTO `Employee` (id, familyName, firstName) VALUES (99, 'Hörth', 'Harald');
INSERT INTO `Employee` (id, familyName, firstName) VALUES (100, 'Öhlberger', 'Alexander');
INSERT INTO `Employee` (id, familyName, firstName) VALUES (101, 'Plank', 'Wolfgang');
INSERT INTO `Employee` (id, familyName, firstName) VALUES (102, 'Maderthaner', 'Herbert');
INSERT INTO `Employee` (id, familyName, firstName) VALUES (103, 'Ottensamer', 'Ernst');
INSERT INTO `Employee` (id, familyName, firstName) VALUES (104, 'Schorn', 'Matthias');
INSERT INTO `Employee` (id, familyName, firstName) VALUES (105, 'Ottensamer', 'Daniel');
INSERT INTO `Employee` (id, familyName, firstName) VALUES (106, 'Täubl', 'Norbert');
INSERT INTO `Employee` (id, familyName, firstName) VALUES (107, 'Hindler', 'Johann');
INSERT INTO `Employee` (id, familyName, firstName) VALUES (108, 'Wieser', 'Andreas');
INSERT INTO `Employee` (id, familyName, firstName) VALUES (109, 'Werba', 'Michael');
INSERT INTO `Employee` (id, familyName, firstName) VALUES (110, 'Turnovsky', 'Stepan');
INSERT INTO `Employee` (id, familyName, firstName) VALUES (111, 'Müller', 'Harald');
INSERT INTO `Employee` (id, familyName, firstName) VALUES (112, 'Öhlberger', 'Reinhard');
INSERT INTO `Employee` (id, familyName, firstName) VALUES (113, 'Koblitz', 'Wolfgang');
INSERT INTO `Employee` (id, familyName, firstName) VALUES (114, 'Dinkhauser', 'Benedikt');
INSERT INTO `Employee` (id, familyName, firstName) VALUES (115, 'Janezic', 'Ronald');
INSERT INTO `Employee` (id, familyName, firstName) VALUES (116, 'Stransky', 'Lars Michael');
INSERT INTO `Employee` (id, familyName, firstName) VALUES (117, 'Reif', 'Josef');
INSERT INTO `Employee` (id, familyName, firstName) VALUES (118, 'Mayr', 'Sebastian');
INSERT INTO `Employee` (id, familyName, firstName) VALUES (119, 'Lintner', 'Wolfgang');
INSERT INTO `Employee` (id, familyName, firstName) VALUES (120, 'Jankovic', 'Jan');
INSERT INTO `Employee` (id, familyName, firstName) VALUES (121, 'Vladar', 'Wolfgang');
INSERT INTO `Employee` (id, familyName, firstName) VALUES (122, 'Jöbstl', 'Thomas');
INSERT INTO `Employee` (id, familyName, firstName) VALUES (123, 'Tomböck', 'Wolfgang');
INSERT INTO `Employee` (id, familyName, firstName) VALUES (124, 'Huber', 'Manuel');
INSERT INTO `Employee` (id, familyName, firstName) VALUES (125, 'Eder', 'Gotthard');
INSERT INTO `Employee` (id, familyName, firstName) VALUES (126, 'Mühlfellner', 'Martin');
INSERT INTO `Employee` (id, familyName, firstName) VALUES (127, 'Haimel', 'Stefan');
INSERT INTO `Employee` (id, familyName, firstName) VALUES (128, 'Schuh', 'Hans Peter');
INSERT INTO `Employee` (id, familyName, firstName) VALUES (129, 'Ambros', 'Reinhold');
INSERT INTO `Employee` (id, familyName, firstName) VALUES (130, 'Pöchhaker', 'Jürgen');
INSERT INTO `Employee` (id, familyName, firstName) VALUES (131, 'Küblböck', 'Dietmar');
INSERT INTO `Employee` (id, familyName, firstName) VALUES (132, 'Schnaitt', 'Dominik');
INSERT INTO `Employee` (id, familyName, firstName) VALUES (133, 'Strasser', 'Wolfgang');
INSERT INTO `Employee` (id, familyName, firstName) VALUES (134, 'Ströcker', 'Johann');
INSERT INTO `Employee` (id, familyName, firstName) VALUES (135, 'Gaal', 'Mark');
INSERT INTO `Employee` (id, familyName, firstName) VALUES (136, 'Halwax', 'Paul Adolf');
INSERT INTO `Employee` (id, familyName, firstName) VALUES (137, 'Gigler', 'Christoph');
INSERT INTO `Employee` (id, familyName, firstName) VALUES (138, 'Hartl', 'Bruno');
INSERT INTO `Employee` (id, familyName, firstName) VALUES (139, 'Mittermayr', 'Anton');
INSERT INTO `Employee` (id, familyName, firstName) VALUES (140, 'Falk', 'Erwin');
INSERT INTO `Employee` (id, familyName, firstName) VALUES (141, 'Zauner', 'Klaus');
INSERT INTO `Employee` (id, familyName, firstName) VALUES (142, 'Madas', 'Oliver');
INSERT INTO `Employee` (id, familyName, firstName) VALUES (143, 'Schmidinger', 'Benjamin');
INSERT INTO `Employee` (id, familyName, firstName) VALUES (144, 'Lechner', 'Thomas');
INSERT INTO `Employee` (id, familyName, firstName) VALUES (145, 'Adès', 'Thomas');
INSERT INTO `Employee` (id, familyName, firstName) VALUES (146, 'Altinoglu', 'Alain');
INSERT INTO `Employee` (id, familyName, firstName) VALUES (147, 'Auguin', 'Philippe');
INSERT INTO `Employee` (id, familyName, firstName) VALUES (148, 'Billy', 'Bertrand DE ');
INSERT INTO `Employee` (id, familyName, firstName) VALUES (149, 'Bychkov', 'Semyon');
INSERT INTO `Employee` (id, familyName, firstName) VALUES (150, 'Campanella', 'Bruno');
INSERT INTO `Employee` (id, familyName, firstName) VALUES (151, 'Carignani', 'Paolo');
INSERT INTO `Employee` (id, familyName, firstName) VALUES (152, 'Chaslin', 'Frédéric');
INSERT INTO `Employee` (id, familyName, firstName) VALUES (153, 'Chung', 'Myung-Whun');
INSERT INTO `Employee` (id, familyName, firstName) VALUES (154, 'Connelly', 'Paul');
INSERT INTO `Employee` (id, familyName, firstName) VALUES (155, 'Eschenbach', 'Christoph');
INSERT INTO `Employee` (id, familyName, firstName) VALUES (156, 'Ettinger', 'Dan');
INSERT INTO `Employee` (id, familyName, firstName) VALUES (157, 'Fischer', 'Adam');
INSERT INTO `Employee` (id, familyName, firstName) VALUES (158, 'Calvo', 'Guillermo García');
INSERT INTO `Employee` (id, familyName, firstName) VALUES (159, 'Goetzel', 'Sascha');
INSERT INTO `Employee` (id, familyName, firstName) VALUES (160, 'Praxmarer', 'Vinzenz');
INSERT INTO `Employee` (id, familyName, firstName) VALUES (161, 'Prießnitz', 'Gerrit');
INSERT INTO `Employee` (id, familyName, firstName) VALUES (162, 'Pähn', 'Vello');
INSERT INTO `Employee` (id, familyName, firstName) VALUES (163, 'Rattle', 'Simon');
INSERT INTO `Employee` (id, familyName, firstName) VALUES (164, 'Rhodes', 'Kevin');
INSERT INTO `Employee` (id, familyName, firstName) VALUES (165, 'Schneider', 'Peter');
INSERT INTO `Employee` (id, familyName, firstName) VALUES (166, 'Spinosi', 'Jean-Christophe');
INSERT INTO `Employee` (id, familyName, firstName) VALUES (167, 'Thielemann', 'Christian');
INSERT INTO `Employee` (id, familyName, firstName) VALUES (168, 'Welser-Möst', 'GMD Franz');
INSERT INTO `Employee` (id, familyName, firstName) VALUES (169, 'Wildner', 'Johannes');
INSERT INTO `Employee` (id, familyName, firstName) VALUES (170, 'Young', 'Simone');
INSERT INTO `Employee` (id, familyName, firstName) VALUES (171, 'Yurkevych', 'Andriy');
INSERT INTO `Employee` (id, familyName, firstName) VALUES (172, 'Pidò', 'Evelino');
INSERT INTO `Employee` (id, familyName, firstName) VALUES (173, 'Güttler', 'Michael');
INSERT INTO `Employee` (id, familyName, firstName) VALUES (174, 'Haider', 'Johannes');
INSERT INTO `Employee` (id, familyName, firstName) VALUES (175, 'Ingram', 'Alexander');
INSERT INTO `Employee` (id, familyName, firstName) VALUES (176, 'Jenkins', 'Graeme');
INSERT INTO `Employee` (id, familyName, firstName) VALUES (177, 'Kessels', 'Koen');
INSERT INTO `Employee` (id, familyName, firstName) VALUES (178, 'Langrée', 'Louis');
INSERT INTO `Employee` (id, familyName, firstName) VALUES (179, 'Lassen', 'Peter Ernst');
INSERT INTO `Employee` (id, familyName, firstName) VALUES (180, 'Lehtinen', 'Markus');
INSERT INTO `Employee` (id, familyName, firstName) VALUES (181, 'Letonja', 'Marko');
INSERT INTO `Employee` (id, familyName, firstName) VALUES (182, 'López-Cobos', 'Jesús');
INSERT INTO `Employee` (id, familyName, firstName) VALUES (183, 'Meister', 'Cornelius');
INSERT INTO `Employee` (id, familyName, firstName) VALUES (184, 'Metzmacher', 'Ingo');
INSERT INTO `Employee` (id, familyName, firstName) VALUES (185, 'Netopil', 'Tomas');
INSERT INTO `Employee` (id, familyName, firstName) VALUES (186, 'Nézet-Séguin', 'Yannick');
INSERT INTO `Employee` (id, familyName, firstName) VALUES (187, 'Petrenko', 'Kirill');
INSERT INTO `Employee` (id, familyName, firstName) VALUES (188, 'Abdrazakov', 'ldar');
INSERT INTO `Employee` (id, familyName, firstName) VALUES (189, 'Ablinger-Sperrhacke', 'Wolfgang');
INSERT INTO `Employee` (id, familyName, firstName) VALUES (190, 'Alagna', 'Roberto');
INSERT INTO `Employee` (id, familyName, firstName) VALUES (191, 'Albelo', 'Celso');
INSERT INTO `Employee` (id, familyName, firstName) VALUES (192, 'Alvarez', 'Carlos');
INSERT INTO `Employee` (id, familyName, firstName) VALUES (193, 'Anger', 'Ain');
INSERT INTO `Employee` (id, familyName, firstName) VALUES (194, 'Antonenko', 'Aleksandrs');
INSERT INTO `Employee` (id, familyName, firstName) VALUES (195, 'Arduini', 'Alessio');
INSERT INTO `Employee` (id, familyName, firstName) VALUES (196, 'Baechle', 'Janina');
INSERT INTO `Employee` (id, familyName, firstName) VALUES (197, 'Baltsa', 'Agnes');
INSERT INTO `Employee` (id, familyName, firstName) VALUES (198, 'Bankl', 'Wolfgang');
INSERT INTO `Employee` (id, familyName, firstName) VALUES (199, 'Banse', 'Juliane');
INSERT INTO `Employee` (id, familyName, firstName) VALUES (200, 'Barkmin', 'Gun-Brit');
INSERT INTO `Employee` (id, familyName, firstName) VALUES (201, 'Beczala', 'Piotr');
INSERT INTO `Employee` (id, familyName, firstName) VALUES (202, 'Bengtsson', 'Maria');
INSERT INTO `Employee` (id, familyName, firstName) VALUES (203, 'Bermudez', 'Gabriel');
INSERT INTO `Employee` (id, familyName, firstName) VALUES (204, 'Bezsmertna', 'Olga');
INSERT INTO `Employee` (id, familyName, firstName) VALUES (205, 'Bohinec', 'Monika');
INSERT INTO `Employee` (id, familyName, firstName) VALUES (206, 'Bonitatibus', 'Anna');
INSERT INTO `Employee` (id, familyName, firstName) VALUES (207, 'Botha', 'Johan');
INSERT INTO `Employee` (id, familyName, firstName) VALUES (208, 'Bruns', 'Benjamin');
INSERT INTO `Employee` (id, familyName, firstName) VALUES (209, 'Camarena', 'Javier');
INSERT INTO `Employee` (id, familyName, firstName) VALUES (210, 'Capitanucci', 'Fabio');
INSERT INTO `Employee` (id, familyName, firstName) VALUES (211, 'Caria', 'Marco');
INSERT INTO `Employee` (id, familyName, firstName) VALUES (212, 'Castronovo', 'Charles');
INSERT INTO `Employee` (id, familyName, firstName) VALUES (213, 'Coliban', 'Sorin');
INSERT INTO `Employee` (id, familyName, firstName) VALUES (214, 'Conrad', 'Andreas');
INSERT INTO `Employee` (id, familyName, firstName) VALUES (215, 'Coote', 'Alice');
INSERT INTO `Employee` (id, familyName, firstName) VALUES (216, 'Corbelli', 'Alessandro');
INSERT INTO `Employee` (id, familyName, firstName) VALUES (217, 'Costello', 'Stephen');
INSERT INTO `Employee` (id, familyName, firstName) VALUES (218, 'Cura', 'José');
INSERT INTO `Employee` (id, familyName, firstName) VALUES (219, 'D\'Arcangelo', 'Ildebrando');
INSERT INTO `Employee` (id, familyName, firstName) VALUES (220, 'D\'Intino', 'Luciana');
INSERT INTO `Employee` (id, familyName, firstName) VALUES (221, 'Damrau', 'Diana');
INSERT INTO `Employee` (id, familyName, firstName) VALUES (222, 'Daniel', 'Boaz');
INSERT INTO `Employee` (id, familyName, firstName) VALUES (223, 'Daniels', 'David');
INSERT INTO `Employee` (id, familyName, firstName) VALUES (224, 'DeShong', 'Elizabeth');
INSERT INTO `Employee` (id, familyName, firstName) VALUES (225, 'Denoke', 'Angela');
INSERT INTO `Employee` (id, familyName, firstName) VALUES (226, 'Didyk', 'Misha');
INSERT INTO `Employee` (id, familyName, firstName) VALUES (227, 'Dobber', 'Andrzej');
INSERT INTO `Employee` (id, familyName, firstName) VALUES (228, 'Dogotari', 'Mihail');
INSERT INTO `Employee` (id, familyName, firstName) VALUES (229, 'Dohmen', 'Albert');
INSERT INTO `Employee` (id, familyName, firstName) VALUES (230, 'Domingo', 'Plácido');
INSERT INTO `Employee` (id, familyName, firstName) VALUES (231, 'Dumitrescu', 'Dan');
INSERT INTO `Employee` (id, familyName, firstName) VALUES (232, 'Ebenstein', 'Thomas');
INSERT INTO `Employee` (id, familyName, firstName) VALUES (233, 'Eiche', 'Markus');
INSERT INTO `Employee` (id, familyName, firstName) VALUES (234, 'Ellen', 'Donna');
INSERT INTO `Employee` (id, familyName, firstName) VALUES (235, 'Ernst', 'Norbert');
INSERT INTO `Employee` (id, familyName, firstName) VALUES (236, 'Eröd', 'Adrian');
INSERT INTO `Employee` (id, familyName, firstName) VALUES (237, 'Fahima', 'Hila');
INSERT INTO `Employee` (id, familyName, firstName) VALUES (238, 'Fally', 'Daniela');
INSERT INTO `Employee` (id, familyName, firstName) VALUES (239, 'Fantini', 'Norma');
INSERT INTO `Employee` (id, familyName, firstName) VALUES (240, 'Felice', 'Marco');
INSERT INTO `Employee` (id, familyName, firstName) VALUES (241, 'Finley', 'Gerald');
INSERT INTO `Employee` (id, familyName, firstName) VALUES (242, 'Flórez', 'Juan');
INSERT INTO `Employee` (id, familyName, firstName) VALUES (243, 'Frenkel', 'Rachel');
INSERT INTO `Employee` (id, familyName, firstName) VALUES (244, 'Frittoli', 'Barbara');
INSERT INTO `Employee` (id, familyName, firstName) VALUES (245, 'Furlanetto', 'Ferruccio');
INSERT INTO `Employee` (id, familyName, firstName) VALUES (246, 'Gagnidze', 'George');
INSERT INTO `Employee` (id, familyName, firstName) VALUES (247, 'Garanča', 'Elina');
INSERT INTO `Employee` (id, familyName, firstName) VALUES (248, 'Garifullina', 'Aida');
INSERT INTO `Employee` (id, familyName, firstName) VALUES (249, 'Gerhaher', 'Christian');
INSERT INTO `Employee` (id, familyName, firstName) VALUES (250, 'Gerhards', 'Annika');
INSERT INTO `Employee` (id, familyName, firstName) VALUES (251, 'Gerzmava', 'Hibla');
INSERT INTO `Employee` (id, familyName, firstName) VALUES (252, 'Gheorghiu', 'Angela');
INSERT INTO `Employee` (id, familyName, firstName) VALUES (253, 'Giordani', 'Marcello');
INSERT INTO `Employee` (id, familyName, firstName) VALUES (254, 'Giordano', 'Massimo');
INSERT INTO `Employee` (id, familyName, firstName) VALUES (255, 'Gould', 'Stephen');
INSERT INTO `Employee` (id, familyName, firstName) VALUES (256, 'Green', 'Ryan');
INSERT INTO `Employee` (id, familyName, firstName) VALUES (257, 'Gritskova', 'Margarita');
INSERT INTO `Employee` (id, familyName, firstName) VALUES (258, 'Groissböck', 'Günther');
INSERT INTO `Employee` (id, familyName, firstName) VALUES (259, 'Gruberova', 'Edita');
INSERT INTO `Employee` (id, familyName, firstName) VALUES (260, 'Guleghina', 'Maria');
INSERT INTO `Employee` (id, familyName, firstName) VALUES (261, 'Hangler', 'Regine');
INSERT INTO `Employee` (id, familyName, firstName) VALUES (262, 'Harteros', 'Anja');
INSERT INTO `Employee` (id, familyName, firstName) VALUES (263, 'Hartig', 'Anita');
INSERT INTO `Employee` (id, familyName, firstName) VALUES (264, 'Haveman', 'Barbara');
INSERT INTO `Employee` (id, familyName, firstName) VALUES (265, 'He', 'Hui');
INSERT INTO `Employee` (id, familyName, firstName) VALUES (266, 'Held', 'Alan');
INSERT INTO `Employee` (id, familyName, firstName) VALUES (267, 'Helzel', 'Ulrike');
INSERT INTO `Employee` (id, familyName, firstName) VALUES (268, 'Henschel', 'Jane');
INSERT INTO `Employee` (id, familyName, firstName) VALUES (269, 'Herlitzius', 'Evelyn');
INSERT INTO `Employee` (id, familyName, firstName) VALUES (270, 'Holecek', 'Sebastian');
INSERT INTO `Employee` (id, familyName, firstName) VALUES (271, 'Hong', 'Il');
INSERT INTO `Employee` (id, familyName, firstName) VALUES (272, 'Houtzeel', 'Stephanie');
INSERT INTO `Employee` (id, familyName, firstName) VALUES (273, 'Hvorostovsky', 'Dmitri');
INSERT INTO `Employee` (id, familyName, firstName) VALUES (274, 'Isokoski', 'Soile');
INSERT INTO `Employee` (id, familyName, firstName) VALUES (275, 'Ivan', 'Simina');
INSERT INTO `Employee` (id, familyName, firstName) VALUES (276, 'Jaho', 'Ermonela');
INSERT INTO `Employee` (id, familyName, firstName) VALUES (277, 'Jelosits', 'Peter');
INSERT INTO `Employee` (id, familyName, firstName) VALUES (278, 'Jenis', 'Dalibor');
INSERT INTO `Employee` (id, familyName, firstName) VALUES (279, 'Kammerer', 'Hans');
INSERT INTO `Employee` (id, familyName, firstName) VALUES (280, 'Kazakov', 'Mikhail');
INSERT INTO `Employee` (id, familyName, firstName) VALUES (281, 'Keenlyside', 'Simon');
INSERT INTO `Employee` (id, familyName, firstName) VALUES (282, 'Khayrullova', 'Ilseyar');
INSERT INTO `Employee` (id, familyName, firstName) VALUES (283, 'Klink', 'Matthias');
INSERT INTO `Employee` (id, familyName, firstName) VALUES (284, 'Ko', 'Hyuna');
INSERT INTO `Employee` (id, familyName, firstName) VALUES (285, 'Kobel', 'Benedikt');
INSERT INTO `Employee` (id, familyName, firstName) VALUES (286, 'Koch', 'Sophie');
INSERT INTO `Employee` (id, familyName, firstName) VALUES (287, 'Koch', 'Wolfgang');
INSERT INTO `Employee` (id, familyName, firstName) VALUES (288, 'Kolgatin', 'Pavel');
INSERT INTO `Employee` (id, familyName, firstName) VALUES (289, 'Konieczny', 'Tomasz');
INSERT INTO `Employee` (id, familyName, firstName) VALUES (290, 'Korchak', 'Dmitry');
INSERT INTO `Employee` (id, familyName, firstName) VALUES (291, 'Kovalevska', 'Maija');
INSERT INTO `Employee` (id, familyName, firstName) VALUES (292, 'Kožená', 'Magdalena');
INSERT INTO `Employee` (id, familyName, firstName) VALUES (293, 'Krasteva', 'Nadia');
INSERT INTO `Employee` (id, familyName, firstName) VALUES (294, 'Kryshak', 'James');
INSERT INTO `Employee` (id, familyName, firstName) VALUES (295, 'Kucerová', 'Adriana');
INSERT INTO `Employee` (id, familyName, firstName) VALUES (296, 'Kulman', 'Elisabeth');
INSERT INTO `Employee` (id, familyName, firstName) VALUES (297, 'Kushpler', 'Zoryana');
INSERT INTO `Employee` (id, familyName, firstName) VALUES (298, 'Kühmeier', 'Genia');
INSERT INTO `Employee` (id, familyName, firstName) VALUES (299, 'Lang', 'Petra');
INSERT INTO `Employee` (id, familyName, firstName) VALUES (300, 'Larsson', 'Anna');
INSERT INTO `Employee` (id, familyName, firstName) VALUES (301, 'Leonard', 'Isabel');
INSERT INTO `Employee` (id, familyName, firstName) VALUES (302, 'Lewek', 'Kathryn');
INSERT INTO `Employee` (id, familyName, firstName) VALUES (303, 'León', 'Jorge');
INSERT INTO `Employee` (id, familyName, firstName) VALUES (304, 'Lindstrom', 'Lise');
INSERT INTO `Employee` (id, familyName, firstName) VALUES (305, 'Lipovšek', 'Marjana');
INSERT INTO `Employee` (id, familyName, firstName) VALUES (306, 'Lippert', 'Herbert');
INSERT INTO `Employee` (id, familyName, firstName) VALUES (307, 'Luna', 'Audrey');
INSERT INTO `Employee` (id, familyName, firstName) VALUES (308, 'Machado', 'Aquiles');
INSERT INTO `Employee` (id, familyName, firstName) VALUES (309, 'Maestri', 'Ambrogio');
INSERT INTO `Employee` (id, familyName, firstName) VALUES (310, 'Malfi', 'Serena');
INSERT INTO `Employee` (id, familyName, firstName) VALUES (311, 'Mars', 'Juliette');
INSERT INTO `Employee` (id, familyName, firstName) VALUES (312, 'Martínez', 'Iride');
INSERT INTO `Employee` (id, familyName, firstName) VALUES (313, 'Matić', 'Peter');
INSERT INTO `Employee` (id, familyName, firstName) VALUES (314, 'Mattei', 'Peter');
INSERT INTO `Employee` (id, familyName, firstName) VALUES (315, 'Maximova', 'Elena');
INSERT INTO `Employee` (id, familyName, firstName) VALUES (316, 'Meachem', 'Lucas');
INSERT INTO `Employee` (id, familyName, firstName) VALUES (317, 'Merbeth', 'Ricarda');
INSERT INTO `Employee` (id, familyName, firstName) VALUES (318, 'Milling', 'Stephen');
INSERT INTO `Employee` (id, familyName, firstName) VALUES (319, 'Moisiuc', 'Alexandru');
INSERT INTO `Employee` (id, familyName, firstName) VALUES (320, 'Monarcha', 'Janusz');
INSERT INTO `Employee` (id, familyName, firstName) VALUES (321, 'Morley', 'Erin');
INSERT INTO `Employee` (id, familyName, firstName) VALUES (322, 'Nafornita', 'Valentina');
INSERT INTO `Employee` (id, familyName, firstName) VALUES (323, 'Naglestad', 'Catherine');
INSERT INTO `Employee` (id, familyName, firstName) VALUES (324, 'Netrebko', 'Anna');
INSERT INTO `Employee` (id, familyName, firstName) VALUES (325, 'Nucci', 'Leo');
INSERT INTO `Employee` (id, familyName, firstName) VALUES (326, 'Nylund', 'Camilla');
INSERT INTO `Employee` (id, familyName, firstName) VALUES (327, 'Opolais', 'Kristine');
INSERT INTO `Employee` (id, familyName, firstName) VALUES (328, 'Osuna', 'Carlos');
INSERT INTO `Employee` (id, familyName, firstName) VALUES (329, 'Otter', 'Anne');
INSERT INTO `Employee` (id, familyName, firstName) VALUES (330, 'Park', 'Jongmin');
INSERT INTO `Employee` (id, familyName, firstName) VALUES (331, 'Pecoraro', 'Herwig');
INSERT INTO `Employee` (id, familyName, firstName) VALUES (332, 'Pelz', 'Marcus');
INSERT INTO `Employee` (id, familyName, firstName) VALUES (333, 'Pershall', 'David');
INSERT INTO `Employee` (id, familyName, firstName) VALUES (334, 'Pertusi', 'Michele');
INSERT INTO `Employee` (id, familyName, firstName) VALUES (335, 'Petean', 'George');
INSERT INTO `Employee` (id, familyName, firstName) VALUES (336, 'Petibon', 'Patricia');
INSERT INTO `Employee` (id, familyName, firstName) VALUES (337, 'Petrenko', 'Mikhail');
INSERT INTO `Employee` (id, familyName, firstName) VALUES (338, 'Pieczonka', 'Adrianne');
INSERT INTO `Employee` (id, familyName, firstName) VALUES (339, 'Pirgu', 'Saimir');
INSERT INTO `Employee` (id, familyName, firstName) VALUES (340, 'Pisaroni', 'Luca');
INSERT INTO `Employee` (id, familyName, firstName) VALUES (341, 'Plachetka', 'Adam');
INSERT INTO `Employee` (id, familyName, firstName) VALUES (342, 'Popov', 'Dmytro');
INSERT INTO `Employee` (id, familyName, firstName) VALUES (343, 'Prestia', 'Giacomo');
INSERT INTO `Employee` (id, familyName, firstName) VALUES (344, 'Quasthoff', 'Thomas');
INSERT INTO `Employee` (id, familyName, firstName) VALUES (345, 'Radvanovsky', 'Sondra');
INSERT INTO `Employee` (id, familyName, firstName) VALUES (346, 'Raimondi', 'Ildiko');
INSERT INTO `Employee` (id, familyName, firstName) VALUES (347, 'Rathkolb', 'Lydia');
INSERT INTO `Employee` (id, familyName, firstName) VALUES (348, 'Rebeka', 'Marina');
INSERT INTO `Employee` (id, familyName, firstName) VALUES (349, 'Reiss', 'Chen');
INSERT INTO `Employee` (id, familyName, firstName) VALUES (350, 'Rim', 'Sae');
INSERT INTO `Employee` (id, familyName, firstName) VALUES (351, 'Roider', 'Michael');
INSERT INTO `Employee` (id, familyName, firstName) VALUES (352, 'Rose', 'Peter');
INSERT INTO `Employee` (id, familyName, firstName) VALUES (353, 'Rumetz', 'Paolo');
INSERT INTO `Employee` (id, familyName, firstName) VALUES (354, 'Rydl', 'Kurt');
INSERT INTO `Employee` (id, familyName, firstName) VALUES (355, 'Schade', 'Michael');
INSERT INTO `Employee` (id, familyName, firstName) VALUES (356, 'Schmeckenbecher', 'Jochen');
INSERT INTO `Employee` (id, familyName, firstName) VALUES (357, 'Schwanewilms', 'Anne');
INSERT INTO `Employee` (id, familyName, firstName) VALUES (358, 'Seiffert', 'Peter');
INSERT INTO `Employee` (id, familyName, firstName) VALUES (359, 'Selig', 'Franz-Josef');
INSERT INTO `Employee` (id, familyName, firstName) VALUES (360, 'Semenchuk', 'Ekaterina');
INSERT INTO `Employee` (id, familyName, firstName) VALUES (361, 'Serafin', 'Martina');
INSERT INTO `Employee` (id, familyName, firstName) VALUES (362, 'Shicoff', 'Neil');
INSERT INTO `Employee` (id, familyName, firstName) VALUES (363, 'Simonischek', 'Peter');
INSERT INTO `Employee` (id, familyName, firstName) VALUES (364, 'Siragusa', 'Antonino');
INSERT INTO `Employee` (id, familyName, firstName) VALUES (365, 'Smith', 'Robert');
INSERT INTO `Employee` (id, familyName, firstName) VALUES (366, 'Sramek', 'Alfred');
INSERT INTO `Employee` (id, familyName, firstName) VALUES (367, 'Stemme', 'Nina');
INSERT INTO `Employee` (id, familyName, firstName) VALUES (368, 'Stoyanova', 'Krassimira');
INSERT INTO `Employee` (id, familyName, firstName) VALUES (369, 'Struckmann', 'Falk');
INSERT INTO `Employee` (id, familyName, firstName) VALUES (370, 'Talaba', 'Marian');
INSERT INTO `Employee` (id, familyName, firstName) VALUES (371, 'Terfel', 'Bryn');
INSERT INTO `Employee` (id, familyName, firstName) VALUES (372, 'Tessier', 'John');
INSERT INTO `Employee` (id, familyName, firstName) VALUES (373, 'Tezier', 'Ludovic');
INSERT INTO `Employee` (id, familyName, firstName) VALUES (374, 'Theorin', 'Iréne');
INSERT INTO `Employee` (id, familyName, firstName) VALUES (375, 'Tonca', 'Ileana');
INSERT INTO `Employee` (id, familyName, firstName) VALUES (376, 'Twarowska', 'Aura');
INSERT INTO `Employee` (id, familyName, firstName) VALUES (377, 'Tómasson', 'Tómas');
INSERT INTO `Employee` (id, familyName, firstName) VALUES (378, 'Unterreiner', 'Clemens');
INSERT INTO `Employee` (id, familyName, firstName) VALUES (379, 'Uria-Monzon', 'Béatrice');
INSERT INTO `Employee` (id, familyName, firstName) VALUES (380, 'Vargas', 'Ramón');
INSERT INTO `Employee` (id, familyName, firstName) VALUES (381, 'Vassallo', 'Franco');
INSERT INTO `Employee` (id, familyName, firstName) VALUES (382, 'Ventris', 'Christopher');
INSERT INTO `Employee` (id, familyName, firstName) VALUES (383, 'Volle', 'Michael');
INSERT INTO `Employee` (id, familyName, firstName) VALUES (384, 'Vratogna', 'Marco');
INSERT INTO `Employee` (id, familyName, firstName) VALUES (385, 'Wenborne', 'Caroline');
INSERT INTO `Employee` (id, familyName, firstName) VALUES (386, 'Werba', 'Markus');
INSERT INTO `Employee` (id, familyName, firstName) VALUES (387, 'Wilson', 'Carole');
INSERT INTO `Employee` (id, familyName, firstName) VALUES (388, 'Woldt', 'Lars');
INSERT INTO `Employee` (id, familyName, firstName) VALUES (389, 'Xiahou', 'Jinxu');
INSERT INTO `Employee` (id, familyName, firstName) VALUES (390, 'Yang', 'Tae');
INSERT INTO `Employee` (id, familyName, firstName) VALUES (391, 'Youn', 'Kwangchul');
INSERT INTO `Employee` (id, familyName, firstName) VALUES (392, 'Bierbaumer', 'Maria');
INSERT INTO `Employee` (id, familyName, firstName) VALUES (393, 'Exner', 'BA');
INSERT INTO `Employee` (id, familyName, firstName) VALUES (394, 'Gutsch', 'Renate');
INSERT INTO `Employee` (id, familyName, firstName) VALUES (395, 'Han', 'Jon-Won');
INSERT INTO `Employee` (id, familyName, firstName) VALUES (396, 'Hatházi', 'Erika');
INSERT INTO `Employee` (id, familyName, firstName) VALUES (397, 'Hecht', 'Renate');
INSERT INTO `Employee` (id, familyName, firstName) VALUES (398, 'Hofmann', 'Mag.');
INSERT INTO `Employee` (id, familyName, firstName) VALUES (399, 'Ilker', 'Secil');
INSERT INTO `Employee` (id, familyName, firstName) VALUES (400, 'Karrer', 'Maria');
INSERT INTO `Employee` (id, familyName, firstName) VALUES (401, 'Ko', 'Younghee');
INSERT INTO `Employee` (id, familyName, firstName) VALUES (402, 'Köck', 'Mag.');
INSERT INTO `Employee` (id, familyName, firstName) VALUES (403, 'Maller', 'Mag.');
INSERT INTO `Employee` (id, familyName, firstName) VALUES (404, 'Nukumi', 'Kyoko');
INSERT INTO `Employee` (id, familyName, firstName) VALUES (405, 'Panzenböck', 'Sylvia');
INSERT INTO `Employee` (id, familyName, firstName) VALUES (406, 'Vadehra', 'Ingrid');
INSERT INTO `Employee` (id, familyName, firstName) VALUES (407, 'Auer', 'Mag.');
INSERT INTO `Employee` (id, familyName, firstName) VALUES (408, 'Birnbauer', 'Anna');
INSERT INTO `Employee` (id, familyName, firstName) VALUES (409, 'Danielová', 'Denisa');
INSERT INTO `Employee` (id, familyName, firstName) VALUES (410, 'Gusenleitner', 'Maria');
INSERT INTO `Employee` (id, familyName, firstName) VALUES (411, 'Knauer', 'Regina');
INSERT INTO `Employee` (id, familyName, firstName) VALUES (412, 'Last', 'Kaya');
INSERT INTO `Employee` (id, familyName, firstName) VALUES (413, 'Lee', 'So');
INSERT INTO `Employee` (id, familyName, firstName) VALUES (414, 'Reder', 'Mag.');
INSERT INTO `Employee` (id, familyName, firstName) VALUES (415, 'Thyringer', 'Felicitas');
INSERT INTO `Employee` (id, familyName, firstName) VALUES (416, 'Vloedt', 'Elisabeth');
INSERT INTO `Employee` (id, familyName, firstName) VALUES (417, 'Erfurt', 'Ulrike');
INSERT INTO `Employee` (id, familyName, firstName) VALUES (418, 'Fischer', 'Senta');
INSERT INTO `Employee` (id, familyName, firstName) VALUES (419, 'Leibnitz', 'Mag.');
INSERT INTO `Employee` (id, familyName, firstName) VALUES (420, 'Monarcha', 'Mag.');
INSERT INTO `Employee` (id, familyName, firstName) VALUES (421, 'Reiter', 'Mag.');
INSERT INTO `Employee` (id, familyName, firstName) VALUES (422, 'Sattmann', 'Marianne');
INSERT INTO `Employee` (id, familyName, firstName) VALUES (423, 'Sonnleithner', 'Mag.');
INSERT INTO `Employee` (id, familyName, firstName) VALUES (424, 'Szábó', 'Zsuzsanna');
INSERT INTO `Employee` (id, familyName, firstName) VALUES (425, 'Wieser', 'Karin');
INSERT INTO `Employee` (id, familyName, firstName) VALUES (426, 'Zurmann-Marian', 'Dr.');
INSERT INTO `Employee` (id, familyName, firstName) VALUES (427, 'Bessenyei', 'Gabriella');
INSERT INTO `Employee` (id, familyName, firstName) VALUES (428, 'Götz', 'Mag.');
INSERT INTO `Employee` (id, familyName, firstName) VALUES (429, 'Holecek', 'Arina');
INSERT INTO `Employee` (id, familyName, firstName) VALUES (430, 'Kogler', 'Sabine');
INSERT INTO `Employee` (id, familyName, firstName) VALUES (431, 'More', 'Hyun-Sook');
INSERT INTO `Employee` (id, familyName, firstName) VALUES (432, 'Parzer', 'Martina');
INSERT INTO `Employee` (id, familyName, firstName) VALUES (433, 'Saul', 'Evelin');
INSERT INTO `Employee` (id, familyName, firstName) VALUES (434, 'Schubert', 'Karen');
INSERT INTO `Employee` (id, familyName, firstName) VALUES (435, 'Schweiger', 'Eva');
INSERT INTO `Employee` (id, familyName, firstName) VALUES (436, 'Strenn', 'Elisabeth');
INSERT INTO `Employee` (id, familyName, firstName) VALUES (437, 'Wagner', 'Daniela');
INSERT INTO `Employee` (id, familyName, firstName) VALUES (438, 'Fraiss', 'Peter');
INSERT INTO `Employee` (id, familyName, firstName) VALUES (439, 'Großrubatscher', 'Dr.');
INSERT INTO `Employee` (id, familyName, firstName) VALUES (440, 'Holzherr', 'Wolfgang');
INSERT INTO `Employee` (id, familyName, firstName) VALUES (441, 'Höft', 'Burkhard');
INSERT INTO `Employee` (id, familyName, firstName) VALUES (442, 'Krzyszkowski', 'Mag.');
INSERT INTO `Employee` (id, familyName, firstName) VALUES (443, 'Lauder', 'Roman');
INSERT INTO `Employee` (id, familyName, firstName) VALUES (444, 'Orhan', 'Taner');
INSERT INTO `Employee` (id, familyName, firstName) VALUES (445, 'Potgieter', 'André');
INSERT INTO `Employee` (id, familyName, firstName) VALUES (446, 'Song', 'Won-Cheol');
INSERT INTO `Employee` (id, familyName, firstName) VALUES (447, 'Temes', 'Zsolt');
INSERT INTO `Employee` (id, familyName, firstName) VALUES (448, 'Winkler', 'Roland');
INSERT INTO `Employee` (id, familyName, firstName) VALUES (449, 'Zalytskiy', 'Oleg');
INSERT INTO `Employee` (id, familyName, firstName) VALUES (450, 'Özpinar', 'Hakki');
INSERT INTO `Employee` (id, familyName, firstName) VALUES (451, 'Derntl', 'Wolfram');
INSERT INTO `Employee` (id, familyName, firstName) VALUES (452, 'Gruber', 'Franz');
INSERT INTO `Employee` (id, familyName, firstName) VALUES (453, 'Hara', 'Christoph');
INSERT INTO `Employee` (id, familyName, firstName) VALUES (454, 'Ho', 'Meng-Chieh');
INSERT INTO `Employee` (id, familyName, firstName) VALUES (455, 'Knapp', 'Michael');
INSERT INTO `Employee` (id, familyName, firstName) VALUES (456, 'Köber', 'Thomas');
INSERT INTO `Employee` (id, familyName, firstName) VALUES (457, 'Luca', 'Dritan');
INSERT INTO `Employee` (id, familyName, firstName) VALUES (458, 'Lökös', 'Daniel');
INSERT INTO `Employee` (id, familyName, firstName) VALUES (459, 'Müller', 'Martin');
INSERT INTO `Employee` (id, familyName, firstName) VALUES (460, 'Reiterer', 'Gerhard');
INSERT INTO `Employee` (id, familyName, firstName) VALUES (461, 'Stifter', 'Gottfried');
INSERT INTO `Employee` (id, familyName, firstName) VALUES (462, 'Bayvertian', 'Hacik');
INSERT INTO `Employee` (id, familyName, firstName) VALUES (463, 'Equiluz', 'Wolfgang');
INSERT INTO `Employee` (id, familyName, firstName) VALUES (464, 'Gisser', 'Johannes');
INSERT INTO `Employee` (id, familyName, firstName) VALUES (465, 'Huber', 'Mag.');
INSERT INTO `Employee` (id, familyName, firstName) VALUES (466, 'Ijichi', 'Hiroyuki');
INSERT INTO `Employee` (id, familyName, firstName) VALUES (467, 'Kim', 'Jeong-Ho');
INSERT INTO `Employee` (id, familyName, firstName) VALUES (468, 'Nebenführ', 'Karl');
INSERT INTO `Employee` (id, familyName, firstName) VALUES (469, 'Springer', 'Friedrich');
INSERT INTO `Employee` (id, familyName, firstName) VALUES (470, 'Thyringer', 'Martin');
INSERT INTO `Employee` (id, familyName, firstName) VALUES (471, 'Tomaschitz', 'Mag.');
INSERT INTO `Employee` (id, familyName, firstName) VALUES (472, 'Wilder', 'Michael');
INSERT INTO `Employee` (id, familyName, firstName) VALUES (473, 'Burz', 'Liviu');
INSERT INTO `Employee` (id, familyName, firstName) VALUES (474, 'Kuchar', 'Michael');
INSERT INTO `Employee` (id, familyName, firstName) VALUES (475, 'Markovits', 'Csaba');
INSERT INTO `Employee` (id, familyName, firstName) VALUES (476, 'Musger', 'Mag.');
INSERT INTO `Employee` (id, familyName, firstName) VALUES (477, 'Pehal', 'Jaroslav');
INSERT INTO `Employee` (id, familyName, firstName) VALUES (478, 'Pfeiffer', 'Mag.');
INSERT INTO `Employee` (id, familyName, firstName) VALUES (479, 'Rieger', 'Mag.');
INSERT INTO `Employee` (id, familyName, firstName) VALUES (480, 'Sano', 'Wataru');
INSERT INTO `Employee` (id, familyName, firstName) VALUES (481, 'Savran', 'Oleg');
INSERT INTO `Employee` (id, familyName, firstName) VALUES (482, 'Steller', 'Mario');
INSERT INTO `Employee` (id, familyName, firstName) VALUES (483, 'Thyringer', 'Hermann');
INSERT INTO `Employee` (id, familyName, firstName) VALUES (484, 'Tibrea', 'Ion');
INSERT INTO `Employee` (id, familyName, firstName) VALUES (485, 'Aronson', 'David');
INSERT INTO `Employee` (id, familyName, firstName) VALUES (486, 'Bartinai', 'Gábor');
INSERT INTO `Employee` (id, familyName, firstName) VALUES (487, 'Germano', 'Luisella');
INSERT INTO `Employee` (id, familyName, firstName) VALUES (488, 'Hopkins', 'Stephen');
INSERT INTO `Employee` (id, familyName, firstName) VALUES (489, 'Knutsson', 'Mats');
INSERT INTO `Employee` (id, familyName, firstName) VALUES (490, 'Lausmann', 'Thomas');
INSERT INTO `Employee` (id, familyName, firstName) VALUES (491, 'Okerlund', 'Kristin');
INSERT INTO `Employee` (id, familyName, firstName) VALUES (492, 'Pearson', 'James');
INSERT INTO `Employee` (id, familyName, firstName) VALUES (493, 'Restier', 'Cécile');
INSERT INTO `Employee` (id, familyName, firstName) VALUES (494, 'Schlüsselmayr', 'Mag.');
INSERT INTO `Employee` (id, familyName, firstName) VALUES (495, 'Springer', 'Jendrik');
INSERT INTO `Function` (id, name) VALUES (1, 'Sänger / innen');
INSERT INTO `Function` (id, name) VALUES (2, 'Chor');
INSERT INTO `Function` (id, name) VALUES (3, 'Orchester');
INSERT INTO `Function` (id, name) VALUES (4, 'Dirigenten');
INSERT INTO `Function` (id, name) VALUES (5, 'Pianisten');
INSERT INTO `Employee_Function` (id, evaluation, id_employee, id_function) VALUES (null, 1, 1, 3);
INSERT INTO `Employee_Function` (id, evaluation, id_employee, id_function) VALUES (null, 1, 2, 3);
INSERT INTO `Employee_Function` (id, evaluation, id_employee, id_function) VALUES (null, 1, 3, 3);
INSERT INTO `Employee_Function` (id, evaluation, id_employee, id_function) VALUES (null, 1, 4, 3);
INSERT INTO `Employee_Function` (id, evaluation, id_employee, id_function) VALUES (null, 1, 5, 3);
INSERT INTO `Employee_Function` (id, evaluation, id_employee, id_function) VALUES (null, 1, 6, 3);
INSERT INTO `Employee_Function` (id, evaluation, id_employee, id_function) VALUES (null, 1, 7, 3);
INSERT INTO `Employee_Function` (id, evaluation, id_employee, id_function) VALUES (null, 1, 8, 3);
INSERT INTO `Employee_Function` (id, evaluation, id_employee, id_function) VALUES (null, 1, 9, 3);
INSERT INTO `Employee_Function` (id, evaluation, id_employee, id_function) VALUES (null, 1, 10, 3);
INSERT INTO `Employee_Function` (id, evaluation, id_employee, id_function) VALUES (null, 1, 11, 3);
INSERT INTO `Employee_Function` (id, evaluation, id_employee, id_function) VALUES (null, 1, 12, 3);
INSERT INTO `Employee_Function` (id, evaluation, id_employee, id_function) VALUES (null, 1, 13, 3);
INSERT INTO `Employee_Function` (id, evaluation, id_employee, id_function) VALUES (null, 1, 14, 3);
INSERT INTO `Employee_Function` (id, evaluation, id_employee, id_function) VALUES (null, 1, 15, 3);
INSERT INTO `Employee_Function` (id, evaluation, id_employee, id_function) VALUES (null, 1, 16, 3);
INSERT INTO `Employee_Function` (id, evaluation, id_employee, id_function) VALUES (null, 1, 17, 3);
INSERT INTO `Employee_Function` (id, evaluation, id_employee, id_function) VALUES (null, 1, 18, 3);
INSERT INTO `Employee_Function` (id, evaluation, id_employee, id_function) VALUES (null, 1, 19, 3);
INSERT INTO `Employee_Function` (id, evaluation, id_employee, id_function) VALUES (null, 1, 20, 3);
INSERT INTO `Employee_Function` (id, evaluation, id_employee, id_function) VALUES (null, 1, 21, 3);
INSERT INTO `Employee_Function` (id, evaluation, id_employee, id_function) VALUES (null, 1, 22, 3);
INSERT INTO `Employee_Function` (id, evaluation, id_employee, id_function) VALUES (null, 1, 23, 3);
INSERT INTO `Employee_Function` (id, evaluation, id_employee, id_function) VALUES (null, 1, 24, 3);
INSERT INTO `Employee_Function` (id, evaluation, id_employee, id_function) VALUES (null, 1, 25, 3);
INSERT INTO `Employee_Function` (id, evaluation, id_employee, id_function) VALUES (null, 1, 26, 3);
INSERT INTO `Employee_Function` (id, evaluation, id_employee, id_function) VALUES (null, 1, 27, 3);
INSERT INTO `Employee_Function` (id, evaluation, id_employee, id_function) VALUES (null, 1, 28, 3);
INSERT INTO `Employee_Function` (id, evaluation, id_employee, id_function) VALUES (null, 1, 29, 3);
INSERT INTO `Employee_Function` (id, evaluation, id_employee, id_function) VALUES (null, 1, 30, 3);
INSERT INTO `Employee_Function` (id, evaluation, id_employee, id_function) VALUES (null, 1, 31, 3);
INSERT INTO `Employee_Function` (id, evaluation, id_employee, id_function) VALUES (null, 1, 32, 3);
INSERT INTO `Employee_Function` (id, evaluation, id_employee, id_function) VALUES (null, 1, 33, 3);
INSERT INTO `Employee_Function` (id, evaluation, id_employee, id_function) VALUES (null, 1, 34, 3);
INSERT INTO `Employee_Function` (id, evaluation, id_employee, id_function) VALUES (null, 1, 35, 3);
INSERT INTO `Employee_Function` (id, evaluation, id_employee, id_function) VALUES (null, 1, 36, 3);
INSERT INTO `Employee_Function` (id, evaluation, id_employee, id_function) VALUES (null, 1, 37, 3);
INSERT INTO `Employee_Function` (id, evaluation, id_employee, id_function) VALUES (null, 1, 38, 3);
INSERT INTO `Employee_Function` (id, evaluation, id_employee, id_function) VALUES (null, 1, 39, 3);
INSERT INTO `Employee_Function` (id, evaluation, id_employee, id_function) VALUES (null, 1, 40, 3);
INSERT INTO `Employee_Function` (id, evaluation, id_employee, id_function) VALUES (null, 1, 41, 3);
INSERT INTO `Employee_Function` (id, evaluation, id_employee, id_function) VALUES (null, 1, 42, 3);
INSERT INTO `Employee_Function` (id, evaluation, id_employee, id_function) VALUES (null, 1, 43, 3);
INSERT INTO `Employee_Function` (id, evaluation, id_employee, id_function) VALUES (null, 1, 44, 3);
INSERT INTO `Employee_Function` (id, evaluation, id_employee, id_function) VALUES (null, 1, 45, 3);
INSERT INTO `Employee_Function` (id, evaluation, id_employee, id_function) VALUES (null, 1, 46, 3);
INSERT INTO `Employee_Function` (id, evaluation, id_employee, id_function) VALUES (null, 1, 47, 3);
INSERT INTO `Employee_Function` (id, evaluation, id_employee, id_function) VALUES (null, 1, 48, 3);
INSERT INTO `Employee_Function` (id, evaluation, id_employee, id_function) VALUES (null, 1, 49, 3);
INSERT INTO `Employee_Function` (id, evaluation, id_employee, id_function) VALUES (null, 1, 50, 3);
INSERT INTO `Employee_Function` (id, evaluation, id_employee, id_function) VALUES (null, 1, 51, 3);
INSERT INTO `Employee_Function` (id, evaluation, id_employee, id_function) VALUES (null, 1, 52, 3);
INSERT INTO `Employee_Function` (id, evaluation, id_employee, id_function) VALUES (null, 1, 53, 3);
INSERT INTO `Employee_Function` (id, evaluation, id_employee, id_function) VALUES (null, 1, 54, 3);
INSERT INTO `Employee_Function` (id, evaluation, id_employee, id_function) VALUES (null, 1, 55, 3);
INSERT INTO `Employee_Function` (id, evaluation, id_employee, id_function) VALUES (null, 1, 56, 3);
INSERT INTO `Employee_Function` (id, evaluation, id_employee, id_function) VALUES (null, 1, 57, 3);
INSERT INTO `Employee_Function` (id, evaluation, id_employee, id_function) VALUES (null, 1, 58, 3);
INSERT INTO `Employee_Function` (id, evaluation, id_employee, id_function) VALUES (null, 1, 59, 3);
INSERT INTO `Employee_Function` (id, evaluation, id_employee, id_function) VALUES (null, 1, 60, 3);
INSERT INTO `Employee_Function` (id, evaluation, id_employee, id_function) VALUES (null, 1, 61, 3);
INSERT INTO `Employee_Function` (id, evaluation, id_employee, id_function) VALUES (null, 1, 62, 3);
INSERT INTO `Employee_Function` (id, evaluation, id_employee, id_function) VALUES (null, 1, 63, 3);
INSERT INTO `Employee_Function` (id, evaluation, id_employee, id_function) VALUES (null, 1, 64, 3);
INSERT INTO `Employee_Function` (id, evaluation, id_employee, id_function) VALUES (null, 1, 65, 3);
INSERT INTO `Employee_Function` (id, evaluation, id_employee, id_function) VALUES (null, 1, 66, 3);
INSERT INTO `Employee_Function` (id, evaluation, id_employee, id_function) VALUES (null, 1, 67, 3);
INSERT INTO `Employee_Function` (id, evaluation, id_employee, id_function) VALUES (null, 1, 68, 3);
INSERT INTO `Employee_Function` (id, evaluation, id_employee, id_function) VALUES (null, 1, 69, 3);
INSERT INTO `Employee_Function` (id, evaluation, id_employee, id_function) VALUES (null, 1, 70, 3);
INSERT INTO `Employee_Function` (id, evaluation, id_employee, id_function) VALUES (null, 1, 71, 3);
INSERT INTO `Employee_Function` (id, evaluation, id_employee, id_function) VALUES (null, 1, 72, 3);
INSERT INTO `Employee_Function` (id, evaluation, id_employee, id_function) VALUES (null, 1, 73, 3);
INSERT INTO `Employee_Function` (id, evaluation, id_employee, id_function) VALUES (null, 1, 74, 3);
INSERT INTO `Employee_Function` (id, evaluation, id_employee, id_function) VALUES (null, 1, 75, 3);
INSERT INTO `Employee_Function` (id, evaluation, id_employee, id_function) VALUES (null, 1, 76, 3);
INSERT INTO `Employee_Function` (id, evaluation, id_employee, id_function) VALUES (null, 1, 77, 3);
INSERT INTO `Employee_Function` (id, evaluation, id_employee, id_function) VALUES (null, 1, 78, 3);
INSERT INTO `Employee_Function` (id, evaluation, id_employee, id_function) VALUES (null, 1, 79, 3);
INSERT INTO `Employee_Function` (id, evaluation, id_employee, id_function) VALUES (null, 1, 80, 3);
INSERT INTO `Employee_Function` (id, evaluation, id_employee, id_function) VALUES (null, 1, 81, 3);
INSERT INTO `Employee_Function` (id, evaluation, id_employee, id_function) VALUES (null, 1, 82, 3);
INSERT INTO `Employee_Function` (id, evaluation, id_employee, id_function) VALUES (null, 1, 83, 3);
INSERT INTO `Employee_Function` (id, evaluation, id_employee, id_function) VALUES (null, 1, 84, 3);
INSERT INTO `Employee_Function` (id, evaluation, id_employee, id_function) VALUES (null, 1, 85, 3);
INSERT INTO `Employee_Function` (id, evaluation, id_employee, id_function) VALUES (null, 1, 86, 3);
INSERT INTO `Employee_Function` (id, evaluation, id_employee, id_function) VALUES (null, 1, 87, 3);
INSERT INTO `Employee_Function` (id, evaluation, id_employee, id_function) VALUES (null, 1, 88, 3);
INSERT INTO `Employee_Function` (id, evaluation, id_employee, id_function) VALUES (null, 1, 89, 3);
INSERT INTO `Employee_Function` (id, evaluation, id_employee, id_function) VALUES (null, 1, 90, 3);
INSERT INTO `Employee_Function` (id, evaluation, id_employee, id_function) VALUES (null, 1, 91, 3);
INSERT INTO `Employee_Function` (id, evaluation, id_employee, id_function) VALUES (null, 1, 92, 3);
INSERT INTO `Employee_Function` (id, evaluation, id_employee, id_function) VALUES (null, 1, 93, 3);
INSERT INTO `Employee_Function` (id, evaluation, id_employee, id_function) VALUES (null, 1, 94, 3);
INSERT INTO `Employee_Function` (id, evaluation, id_employee, id_function) VALUES (null, 1, 95, 3);
INSERT INTO `Employee_Function` (id, evaluation, id_employee, id_function) VALUES (null, 1, 96, 3);
INSERT INTO `Employee_Function` (id, evaluation, id_employee, id_function) VALUES (null, 1, 97, 3);
INSERT INTO `Employee_Function` (id, evaluation, id_employee, id_function) VALUES (null, 1, 98, 3);
INSERT INTO `Employee_Function` (id, evaluation, id_employee, id_function) VALUES (null, 1, 99, 3);
INSERT INTO `Employee_Function` (id, evaluation, id_employee, id_function) VALUES (null, 1, 100, 3);
INSERT INTO `Employee_Function` (id, evaluation, id_employee, id_function) VALUES (null, 1, 101, 3);
INSERT INTO `Employee_Function` (id, evaluation, id_employee, id_function) VALUES (null, 1, 102, 3);
INSERT INTO `Employee_Function` (id, evaluation, id_employee, id_function) VALUES (null, 1, 103, 3);
INSERT INTO `Employee_Function` (id, evaluation, id_employee, id_function) VALUES (null, 1, 104, 3);
INSERT INTO `Employee_Function` (id, evaluation, id_employee, id_function) VALUES (null, 1, 105, 3);
INSERT INTO `Employee_Function` (id, evaluation, id_employee, id_function) VALUES (null, 1, 106, 3);
INSERT INTO `Employee_Function` (id, evaluation, id_employee, id_function) VALUES (null, 1, 107, 3);
INSERT INTO `Employee_Function` (id, evaluation, id_employee, id_function) VALUES (null, 1, 108, 3);
INSERT INTO `Employee_Function` (id, evaluation, id_employee, id_function) VALUES (null, 1, 109, 3);
INSERT INTO `Employee_Function` (id, evaluation, id_employee, id_function) VALUES (null, 1, 110, 3);
INSERT INTO `Employee_Function` (id, evaluation, id_employee, id_function) VALUES (null, 1, 111, 3);
INSERT INTO `Employee_Function` (id, evaluation, id_employee, id_function) VALUES (null, 1, 112, 3);
INSERT INTO `Employee_Function` (id, evaluation, id_employee, id_function) VALUES (null, 1, 113, 3);
INSERT INTO `Employee_Function` (id, evaluation, id_employee, id_function) VALUES (null, 1, 114, 3);
INSERT INTO `Employee_Function` (id, evaluation, id_employee, id_function) VALUES (null, 1, 115, 3);
INSERT INTO `Employee_Function` (id, evaluation, id_employee, id_function) VALUES (null, 1, 116, 3);
INSERT INTO `Employee_Function` (id, evaluation, id_employee, id_function) VALUES (null, 1, 117, 3);
INSERT INTO `Employee_Function` (id, evaluation, id_employee, id_function) VALUES (null, 1, 118, 3);
INSERT INTO `Employee_Function` (id, evaluation, id_employee, id_function) VALUES (null, 1, 119, 3);
INSERT INTO `Employee_Function` (id, evaluation, id_employee, id_function) VALUES (null, 1, 120, 3);
INSERT INTO `Employee_Function` (id, evaluation, id_employee, id_function) VALUES (null, 1, 121, 3);
INSERT INTO `Employee_Function` (id, evaluation, id_employee, id_function) VALUES (null, 1, 122, 3);
INSERT INTO `Employee_Function` (id, evaluation, id_employee, id_function) VALUES (null, 1, 123, 3);
INSERT INTO `Employee_Function` (id, evaluation, id_employee, id_function) VALUES (null, 1, 124, 3);
INSERT INTO `Employee_Function` (id, evaluation, id_employee, id_function) VALUES (null, 1, 125, 3);
INSERT INTO `Employee_Function` (id, evaluation, id_employee, id_function) VALUES (null, 1, 126, 3);
INSERT INTO `Employee_Function` (id, evaluation, id_employee, id_function) VALUES (null, 1, 127, 3);
INSERT INTO `Employee_Function` (id, evaluation, id_employee, id_function) VALUES (null, 1, 128, 3);
INSERT INTO `Employee_Function` (id, evaluation, id_employee, id_function) VALUES (null, 1, 129, 3);
INSERT INTO `Employee_Function` (id, evaluation, id_employee, id_function) VALUES (null, 1, 130, 3);
INSERT INTO `Employee_Function` (id, evaluation, id_employee, id_function) VALUES (null, 1, 131, 3);
INSERT INTO `Employee_Function` (id, evaluation, id_employee, id_function) VALUES (null, 1, 132, 3);
INSERT INTO `Employee_Function` (id, evaluation, id_employee, id_function) VALUES (null, 1, 133, 3);
INSERT INTO `Employee_Function` (id, evaluation, id_employee, id_function) VALUES (null, 1, 134, 3);
INSERT INTO `Employee_Function` (id, evaluation, id_employee, id_function) VALUES (null, 1, 135, 3);
INSERT INTO `Employee_Function` (id, evaluation, id_employee, id_function) VALUES (null, 1, 136, 3);
INSERT INTO `Employee_Function` (id, evaluation, id_employee, id_function) VALUES (null, 1, 137, 3);
INSERT INTO `Employee_Function` (id, evaluation, id_employee, id_function) VALUES (null, 1, 138, 3);
INSERT INTO `Employee_Function` (id, evaluation, id_employee, id_function) VALUES (null, 1, 139, 3);
INSERT INTO `Employee_Function` (id, evaluation, id_employee, id_function) VALUES (null, 1, 140, 3);
INSERT INTO `Employee_Function` (id, evaluation, id_employee, id_function) VALUES (null, 1, 141, 3);
INSERT INTO `Employee_Function` (id, evaluation, id_employee, id_function) VALUES (null, 1, 142, 3);
INSERT INTO `Employee_Function` (id, evaluation, id_employee, id_function) VALUES (null, 1, 143, 3);
INSERT INTO `Employee_Function` (id, evaluation, id_employee, id_function) VALUES (null, 1, 144, 3);
INSERT INTO `Employee_Function` (id, evaluation, id_employee, id_function) VALUES (null, 2, 145, 4);
INSERT INTO `Employee_Function` (id, evaluation, id_employee, id_function) VALUES (null, 2, 146, 4);
INSERT INTO `Employee_Function` (id, evaluation, id_employee, id_function) VALUES (null, 2, 147, 4);
INSERT INTO `Employee_Function` (id, evaluation, id_employee, id_function) VALUES (null, 2, 148, 4);
INSERT INTO `Employee_Function` (id, evaluation, id_employee, id_function) VALUES (null, 2, 149, 4);
INSERT INTO `Employee_Function` (id, evaluation, id_employee, id_function) VALUES (null, 2, 150, 4);
INSERT INTO `Employee_Function` (id, evaluation, id_employee, id_function) VALUES (null, 2, 151, 4);
INSERT INTO `Employee_Function` (id, evaluation, id_employee, id_function) VALUES (null, 2, 152, 4);
INSERT INTO `Employee_Function` (id, evaluation, id_employee, id_function) VALUES (null, 2, 153, 4);
INSERT INTO `Employee_Function` (id, evaluation, id_employee, id_function) VALUES (null, 2, 154, 4);
INSERT INTO `Employee_Function` (id, evaluation, id_employee, id_function) VALUES (null, 2, 155, 4);
INSERT INTO `Employee_Function` (id, evaluation, id_employee, id_function) VALUES (null, 2, 156, 4);
INSERT INTO `Employee_Function` (id, evaluation, id_employee, id_function) VALUES (null, 2, 157, 4);
INSERT INTO `Employee_Function` (id, evaluation, id_employee, id_function) VALUES (null, 2, 158, 4);
INSERT INTO `Employee_Function` (id, evaluation, id_employee, id_function) VALUES (null, 2, 159, 4);
INSERT INTO `Employee_Function` (id, evaluation, id_employee, id_function) VALUES (null, 2, 160, 4);
INSERT INTO `Employee_Function` (id, evaluation, id_employee, id_function) VALUES (null, 2, 161, 4);
INSERT INTO `Employee_Function` (id, evaluation, id_employee, id_function) VALUES (null, 2, 162, 4);
INSERT INTO `Employee_Function` (id, evaluation, id_employee, id_function) VALUES (null, 2, 163, 4);
INSERT INTO `Employee_Function` (id, evaluation, id_employee, id_function) VALUES (null, 2, 164, 4);
INSERT INTO `Employee_Function` (id, evaluation, id_employee, id_function) VALUES (null, 2, 165, 4);
INSERT INTO `Employee_Function` (id, evaluation, id_employee, id_function) VALUES (null, 2, 166, 4);
INSERT INTO `Employee_Function` (id, evaluation, id_employee, id_function) VALUES (null, 2, 167, 4);
INSERT INTO `Employee_Function` (id, evaluation, id_employee, id_function) VALUES (null, 2, 168, 4);
INSERT INTO `Employee_Function` (id, evaluation, id_employee, id_function) VALUES (null, 2, 169, 4);
INSERT INTO `Employee_Function` (id, evaluation, id_employee, id_function) VALUES (null, 2, 170, 4);
INSERT INTO `Employee_Function` (id, evaluation, id_employee, id_function) VALUES (null, 2, 171, 4);
INSERT INTO `Employee_Function` (id, evaluation, id_employee, id_function) VALUES (null, 2, 172, 4);
INSERT INTO `Employee_Function` (id, evaluation, id_employee, id_function) VALUES (null, 2, 173, 4);
INSERT INTO `Employee_Function` (id, evaluation, id_employee, id_function) VALUES (null, 2, 174, 4);
INSERT INTO `Employee_Function` (id, evaluation, id_employee, id_function) VALUES (null, 2, 175, 4);
INSERT INTO `Employee_Function` (id, evaluation, id_employee, id_function) VALUES (null, 2, 176, 4);
INSERT INTO `Employee_Function` (id, evaluation, id_employee, id_function) VALUES (null, 2, 177, 4);
INSERT INTO `Employee_Function` (id, evaluation, id_employee, id_function) VALUES (null, 2, 178, 4);
INSERT INTO `Employee_Function` (id, evaluation, id_employee, id_function) VALUES (null, 2, 179, 4);
INSERT INTO `Employee_Function` (id, evaluation, id_employee, id_function) VALUES (null, 2, 180, 4);
INSERT INTO `Employee_Function` (id, evaluation, id_employee, id_function) VALUES (null, 2, 181, 4);
INSERT INTO `Employee_Function` (id, evaluation, id_employee, id_function) VALUES (null, 2, 182, 4);
INSERT INTO `Employee_Function` (id, evaluation, id_employee, id_function) VALUES (null, 2, 183, 4);
INSERT INTO `Employee_Function` (id, evaluation, id_employee, id_function) VALUES (null, 2, 184, 4);
INSERT INTO `Employee_Function` (id, evaluation, id_employee, id_function) VALUES (null, 2, 185, 4);
INSERT INTO `Employee_Function` (id, evaluation, id_employee, id_function) VALUES (null, 2, 186, 4);
INSERT INTO `Employee_Function` (id, evaluation, id_employee, id_function) VALUES (null, 2, 187, 4);
INSERT INTO `Employee_Function` (id, evaluation, id_employee, id_function) VALUES (null, 3, 188, 1);
INSERT INTO `Employee_Function` (id, evaluation, id_employee, id_function) VALUES (null, 3, 189, 1);
INSERT INTO `Employee_Function` (id, evaluation, id_employee, id_function) VALUES (null, 3, 190, 1);
INSERT INTO `Employee_Function` (id, evaluation, id_employee, id_function) VALUES (null, 3, 191, 1);
INSERT INTO `Employee_Function` (id, evaluation, id_employee, id_function) VALUES (null, 3, 192, 1);
INSERT INTO `Employee_Function` (id, evaluation, id_employee, id_function) VALUES (null, 3, 193, 1);
INSERT INTO `Employee_Function` (id, evaluation, id_employee, id_function) VALUES (null, 3, 194, 1);
INSERT INTO `Employee_Function` (id, evaluation, id_employee, id_function) VALUES (null, 3, 195, 1);
INSERT INTO `Employee_Function` (id, evaluation, id_employee, id_function) VALUES (null, 3, 196, 1);
INSERT INTO `Employee_Function` (id, evaluation, id_employee, id_function) VALUES (null, 3, 197, 1);
INSERT INTO `Employee_Function` (id, evaluation, id_employee, id_function) VALUES (null, 3, 198, 1);
INSERT INTO `Employee_Function` (id, evaluation, id_employee, id_function) VALUES (null, 3, 199, 1);
INSERT INTO `Employee_Function` (id, evaluation, id_employee, id_function) VALUES (null, 3, 200, 1);
INSERT INTO `Employee_Function` (id, evaluation, id_employee, id_function) VALUES (null, 3, 201, 1);
INSERT INTO `Employee_Function` (id, evaluation, id_employee, id_function) VALUES (null, 3, 202, 1);
INSERT INTO `Employee_Function` (id, evaluation, id_employee, id_function) VALUES (null, 3, 203, 1);
INSERT INTO `Employee_Function` (id, evaluation, id_employee, id_function) VALUES (null, 3, 204, 1);
INSERT INTO `Employee_Function` (id, evaluation, id_employee, id_function) VALUES (null, 3, 205, 1);
INSERT INTO `Employee_Function` (id, evaluation, id_employee, id_function) VALUES (null, 3, 206, 1);
INSERT INTO `Employee_Function` (id, evaluation, id_employee, id_function) VALUES (null, 3, 207, 1);
INSERT INTO `Employee_Function` (id, evaluation, id_employee, id_function) VALUES (null, 3, 208, 1);
INSERT INTO `Employee_Function` (id, evaluation, id_employee, id_function) VALUES (null, 3, 209, 1);
INSERT INTO `Employee_Function` (id, evaluation, id_employee, id_function) VALUES (null, 3, 210, 1);
INSERT INTO `Employee_Function` (id, evaluation, id_employee, id_function) VALUES (null, 3, 211, 1);
INSERT INTO `Employee_Function` (id, evaluation, id_employee, id_function) VALUES (null, 3, 212, 1);
INSERT INTO `Employee_Function` (id, evaluation, id_employee, id_function) VALUES (null, 3, 213, 1);
INSERT INTO `Employee_Function` (id, evaluation, id_employee, id_function) VALUES (null, 3, 214, 1);
INSERT INTO `Employee_Function` (id, evaluation, id_employee, id_function) VALUES (null, 3, 215, 1);
INSERT INTO `Employee_Function` (id, evaluation, id_employee, id_function) VALUES (null, 3, 216, 1);
INSERT INTO `Employee_Function` (id, evaluation, id_employee, id_function) VALUES (null, 3, 217, 1);
INSERT INTO `Employee_Function` (id, evaluation, id_employee, id_function) VALUES (null, 3, 218, 1);
INSERT INTO `Employee_Function` (id, evaluation, id_employee, id_function) VALUES (null, 3, 219, 1);
INSERT INTO `Employee_Function` (id, evaluation, id_employee, id_function) VALUES (null, 3, 220, 1);
INSERT INTO `Employee_Function` (id, evaluation, id_employee, id_function) VALUES (null, 3, 221, 1);
INSERT INTO `Employee_Function` (id, evaluation, id_employee, id_function) VALUES (null, 3, 222, 1);
INSERT INTO `Employee_Function` (id, evaluation, id_employee, id_function) VALUES (null, 3, 223, 1);
INSERT INTO `Employee_Function` (id, evaluation, id_employee, id_function) VALUES (null, 3, 224, 1);
INSERT INTO `Employee_Function` (id, evaluation, id_employee, id_function) VALUES (null, 3, 225, 1);
INSERT INTO `Employee_Function` (id, evaluation, id_employee, id_function) VALUES (null, 3, 226, 1);
INSERT INTO `Employee_Function` (id, evaluation, id_employee, id_function) VALUES (null, 3, 227, 1);
INSERT INTO `Employee_Function` (id, evaluation, id_employee, id_function) VALUES (null, 3, 228, 1);
INSERT INTO `Employee_Function` (id, evaluation, id_employee, id_function) VALUES (null, 3, 229, 1);
INSERT INTO `Employee_Function` (id, evaluation, id_employee, id_function) VALUES (null, 3, 230, 1);
INSERT INTO `Employee_Function` (id, evaluation, id_employee, id_function) VALUES (null, 3, 231, 1);
INSERT INTO `Employee_Function` (id, evaluation, id_employee, id_function) VALUES (null, 3, 232, 1);
INSERT INTO `Employee_Function` (id, evaluation, id_employee, id_function) VALUES (null, 3, 233, 1);
INSERT INTO `Employee_Function` (id, evaluation, id_employee, id_function) VALUES (null, 3, 234, 1);
INSERT INTO `Employee_Function` (id, evaluation, id_employee, id_function) VALUES (null, 3, 235, 1);
INSERT INTO `Employee_Function` (id, evaluation, id_employee, id_function) VALUES (null, 3, 236, 1);
INSERT INTO `Employee_Function` (id, evaluation, id_employee, id_function) VALUES (null, 3, 237, 1);
INSERT INTO `Employee_Function` (id, evaluation, id_employee, id_function) VALUES (null, 3, 238, 1);
INSERT INTO `Employee_Function` (id, evaluation, id_employee, id_function) VALUES (null, 3, 239, 1);
INSERT INTO `Employee_Function` (id, evaluation, id_employee, id_function) VALUES (null, 3, 240, 1);
INSERT INTO `Employee_Function` (id, evaluation, id_employee, id_function) VALUES (null, 3, 241, 1);
INSERT INTO `Employee_Function` (id, evaluation, id_employee, id_function) VALUES (null, 3, 242, 1);
INSERT INTO `Employee_Function` (id, evaluation, id_employee, id_function) VALUES (null, 3, 243, 1);
INSERT INTO `Employee_Function` (id, evaluation, id_employee, id_function) VALUES (null, 3, 244, 1);
INSERT INTO `Employee_Function` (id, evaluation, id_employee, id_function) VALUES (null, 3, 245, 1);
INSERT INTO `Employee_Function` (id, evaluation, id_employee, id_function) VALUES (null, 3, 246, 1);
INSERT INTO `Employee_Function` (id, evaluation, id_employee, id_function) VALUES (null, 3, 247, 1);
INSERT INTO `Employee_Function` (id, evaluation, id_employee, id_function) VALUES (null, 3, 248, 1);
INSERT INTO `Employee_Function` (id, evaluation, id_employee, id_function) VALUES (null, 3, 249, 1);
INSERT INTO `Employee_Function` (id, evaluation, id_employee, id_function) VALUES (null, 3, 250, 1);
INSERT INTO `Employee_Function` (id, evaluation, id_employee, id_function) VALUES (null, 3, 251, 1);
INSERT INTO `Employee_Function` (id, evaluation, id_employee, id_function) VALUES (null, 3, 252, 1);
INSERT INTO `Employee_Function` (id, evaluation, id_employee, id_function) VALUES (null, 3, 253, 1);
INSERT INTO `Employee_Function` (id, evaluation, id_employee, id_function) VALUES (null, 3, 254, 1);
INSERT INTO `Employee_Function` (id, evaluation, id_employee, id_function) VALUES (null, 3, 255, 1);
INSERT INTO `Employee_Function` (id, evaluation, id_employee, id_function) VALUES (null, 3, 256, 1);
INSERT INTO `Employee_Function` (id, evaluation, id_employee, id_function) VALUES (null, 3, 257, 1);
INSERT INTO `Employee_Function` (id, evaluation, id_employee, id_function) VALUES (null, 3, 258, 1);
INSERT INTO `Employee_Function` (id, evaluation, id_employee, id_function) VALUES (null, 3, 259, 1);
INSERT INTO `Employee_Function` (id, evaluation, id_employee, id_function) VALUES (null, 3, 260, 1);
INSERT INTO `Employee_Function` (id, evaluation, id_employee, id_function) VALUES (null, 3, 261, 1);
INSERT INTO `Employee_Function` (id, evaluation, id_employee, id_function) VALUES (null, 3, 262, 1);
INSERT INTO `Employee_Function` (id, evaluation, id_employee, id_function) VALUES (null, 3, 263, 1);
INSERT INTO `Employee_Function` (id, evaluation, id_employee, id_function) VALUES (null, 3, 264, 1);
INSERT INTO `Employee_Function` (id, evaluation, id_employee, id_function) VALUES (null, 3, 265, 1);
INSERT INTO `Employee_Function` (id, evaluation, id_employee, id_function) VALUES (null, 3, 266, 1);
INSERT INTO `Employee_Function` (id, evaluation, id_employee, id_function) VALUES (null, 3, 267, 1);
INSERT INTO `Employee_Function` (id, evaluation, id_employee, id_function) VALUES (null, 3, 268, 1);
INSERT INTO `Employee_Function` (id, evaluation, id_employee, id_function) VALUES (null, 3, 269, 1);
INSERT INTO `Employee_Function` (id, evaluation, id_employee, id_function) VALUES (null, 3, 270, 1);
INSERT INTO `Employee_Function` (id, evaluation, id_employee, id_function) VALUES (null, 3, 271, 1);
INSERT INTO `Employee_Function` (id, evaluation, id_employee, id_function) VALUES (null, 3, 272, 1);
INSERT INTO `Employee_Function` (id, evaluation, id_employee, id_function) VALUES (null, 3, 273, 1);
INSERT INTO `Employee_Function` (id, evaluation, id_employee, id_function) VALUES (null, 3, 274, 1);
INSERT INTO `Employee_Function` (id, evaluation, id_employee, id_function) VALUES (null, 3, 275, 1);
INSERT INTO `Employee_Function` (id, evaluation, id_employee, id_function) VALUES (null, 3, 276, 1);
INSERT INTO `Employee_Function` (id, evaluation, id_employee, id_function) VALUES (null, 3, 277, 1);
INSERT INTO `Employee_Function` (id, evaluation, id_employee, id_function) VALUES (null, 3, 278, 1);
INSERT INTO `Employee_Function` (id, evaluation, id_employee, id_function) VALUES (null, 3, 279, 1);
INSERT INTO `Employee_Function` (id, evaluation, id_employee, id_function) VALUES (null, 3, 280, 1);
INSERT INTO `Employee_Function` (id, evaluation, id_employee, id_function) VALUES (null, 3, 281, 1);
INSERT INTO `Employee_Function` (id, evaluation, id_employee, id_function) VALUES (null, 3, 282, 1);
INSERT INTO `Employee_Function` (id, evaluation, id_employee, id_function) VALUES (null, 3, 283, 1);
INSERT INTO `Employee_Function` (id, evaluation, id_employee, id_function) VALUES (null, 3, 284, 1);
INSERT INTO `Employee_Function` (id, evaluation, id_employee, id_function) VALUES (null, 3, 285, 1);
INSERT INTO `Employee_Function` (id, evaluation, id_employee, id_function) VALUES (null, 3, 286, 1);
INSERT INTO `Employee_Function` (id, evaluation, id_employee, id_function) VALUES (null, 3, 287, 1);
INSERT INTO `Employee_Function` (id, evaluation, id_employee, id_function) VALUES (null, 3, 288, 1);
INSERT INTO `Employee_Function` (id, evaluation, id_employee, id_function) VALUES (null, 3, 289, 1);
INSERT INTO `Employee_Function` (id, evaluation, id_employee, id_function) VALUES (null, 3, 290, 1);
INSERT INTO `Employee_Function` (id, evaluation, id_employee, id_function) VALUES (null, 3, 291, 1);
INSERT INTO `Employee_Function` (id, evaluation, id_employee, id_function) VALUES (null, 3, 292, 1);
INSERT INTO `Employee_Function` (id, evaluation, id_employee, id_function) VALUES (null, 3, 293, 1);
INSERT INTO `Employee_Function` (id, evaluation, id_employee, id_function) VALUES (null, 3, 294, 1);
INSERT INTO `Employee_Function` (id, evaluation, id_employee, id_function) VALUES (null, 3, 295, 1);
INSERT INTO `Employee_Function` (id, evaluation, id_employee, id_function) VALUES (null, 3, 296, 1);
INSERT INTO `Employee_Function` (id, evaluation, id_employee, id_function) VALUES (null, 3, 297, 1);
INSERT INTO `Employee_Function` (id, evaluation, id_employee, id_function) VALUES (null, 3, 298, 1);
INSERT INTO `Employee_Function` (id, evaluation, id_employee, id_function) VALUES (null, 3, 299, 1);
INSERT INTO `Employee_Function` (id, evaluation, id_employee, id_function) VALUES (null, 3, 300, 1);
INSERT INTO `Employee_Function` (id, evaluation, id_employee, id_function) VALUES (null, 3, 301, 1);
INSERT INTO `Employee_Function` (id, evaluation, id_employee, id_function) VALUES (null, 3, 302, 1);
INSERT INTO `Employee_Function` (id, evaluation, id_employee, id_function) VALUES (null, 3, 303, 1);
INSERT INTO `Employee_Function` (id, evaluation, id_employee, id_function) VALUES (null, 3, 304, 1);
INSERT INTO `Employee_Function` (id, evaluation, id_employee, id_function) VALUES (null, 3, 305, 1);
INSERT INTO `Employee_Function` (id, evaluation, id_employee, id_function) VALUES (null, 3, 306, 1);
INSERT INTO `Employee_Function` (id, evaluation, id_employee, id_function) VALUES (null, 3, 307, 1);
INSERT INTO `Employee_Function` (id, evaluation, id_employee, id_function) VALUES (null, 3, 308, 1);
INSERT INTO `Employee_Function` (id, evaluation, id_employee, id_function) VALUES (null, 3, 309, 1);
INSERT INTO `Employee_Function` (id, evaluation, id_employee, id_function) VALUES (null, 3, 310, 1);
INSERT INTO `Employee_Function` (id, evaluation, id_employee, id_function) VALUES (null, 3, 311, 1);
INSERT INTO `Employee_Function` (id, evaluation, id_employee, id_function) VALUES (null, 3, 312, 1);
INSERT INTO `Employee_Function` (id, evaluation, id_employee, id_function) VALUES (null, 3, 313, 1);
INSERT INTO `Employee_Function` (id, evaluation, id_employee, id_function) VALUES (null, 3, 314, 1);
INSERT INTO `Employee_Function` (id, evaluation, id_employee, id_function) VALUES (null, 3, 315, 1);
INSERT INTO `Employee_Function` (id, evaluation, id_employee, id_function) VALUES (null, 3, 316, 1);
INSERT INTO `Employee_Function` (id, evaluation, id_employee, id_function) VALUES (null, 3, 317, 1);
INSERT INTO `Employee_Function` (id, evaluation, id_employee, id_function) VALUES (null, 3, 318, 1);
INSERT INTO `Employee_Function` (id, evaluation, id_employee, id_function) VALUES (null, 3, 319, 1);
INSERT INTO `Employee_Function` (id, evaluation, id_employee, id_function) VALUES (null, 3, 320, 1);
INSERT INTO `Employee_Function` (id, evaluation, id_employee, id_function) VALUES (null, 3, 321, 1);
INSERT INTO `Employee_Function` (id, evaluation, id_employee, id_function) VALUES (null, 3, 322, 1);
INSERT INTO `Employee_Function` (id, evaluation, id_employee, id_function) VALUES (null, 3, 323, 1);
INSERT INTO `Employee_Function` (id, evaluation, id_employee, id_function) VALUES (null, 3, 324, 1);
INSERT INTO `Employee_Function` (id, evaluation, id_employee, id_function) VALUES (null, 3, 325, 1);
INSERT INTO `Employee_Function` (id, evaluation, id_employee, id_function) VALUES (null, 3, 326, 1);
INSERT INTO `Employee_Function` (id, evaluation, id_employee, id_function) VALUES (null, 3, 327, 1);
INSERT INTO `Employee_Function` (id, evaluation, id_employee, id_function) VALUES (null, 3, 328, 1);
INSERT INTO `Employee_Function` (id, evaluation, id_employee, id_function) VALUES (null, 3, 329, 1);
INSERT INTO `Employee_Function` (id, evaluation, id_employee, id_function) VALUES (null, 3, 330, 1);
INSERT INTO `Employee_Function` (id, evaluation, id_employee, id_function) VALUES (null, 3, 331, 1);
INSERT INTO `Employee_Function` (id, evaluation, id_employee, id_function) VALUES (null, 3, 332, 1);
INSERT INTO `Employee_Function` (id, evaluation, id_employee, id_function) VALUES (null, 3, 333, 1);
INSERT INTO `Employee_Function` (id, evaluation, id_employee, id_function) VALUES (null, 3, 334, 1);
INSERT INTO `Employee_Function` (id, evaluation, id_employee, id_function) VALUES (null, 3, 335, 1);
INSERT INTO `Employee_Function` (id, evaluation, id_employee, id_function) VALUES (null, 3, 336, 1);
INSERT INTO `Employee_Function` (id, evaluation, id_employee, id_function) VALUES (null, 3, 337, 1);
INSERT INTO `Employee_Function` (id, evaluation, id_employee, id_function) VALUES (null, 3, 338, 1);
INSERT INTO `Employee_Function` (id, evaluation, id_employee, id_function) VALUES (null, 3, 339, 1);
INSERT INTO `Employee_Function` (id, evaluation, id_employee, id_function) VALUES (null, 3, 340, 1);
INSERT INTO `Employee_Function` (id, evaluation, id_employee, id_function) VALUES (null, 3, 341, 1);
INSERT INTO `Employee_Function` (id, evaluation, id_employee, id_function) VALUES (null, 3, 342, 1);
INSERT INTO `Employee_Function` (id, evaluation, id_employee, id_function) VALUES (null, 3, 343, 1);
INSERT INTO `Employee_Function` (id, evaluation, id_employee, id_function) VALUES (null, 3, 344, 1);
INSERT INTO `Employee_Function` (id, evaluation, id_employee, id_function) VALUES (null, 3, 345, 1);
INSERT INTO `Employee_Function` (id, evaluation, id_employee, id_function) VALUES (null, 3, 346, 1);
INSERT INTO `Employee_Function` (id, evaluation, id_employee, id_function) VALUES (null, 3, 347, 1);
INSERT INTO `Employee_Function` (id, evaluation, id_employee, id_function) VALUES (null, 3, 348, 1);
INSERT INTO `Employee_Function` (id, evaluation, id_employee, id_function) VALUES (null, 3, 349, 1);
INSERT INTO `Employee_Function` (id, evaluation, id_employee, id_function) VALUES (null, 3, 350, 1);
INSERT INTO `Employee_Function` (id, evaluation, id_employee, id_function) VALUES (null, 3, 351, 1);
INSERT INTO `Employee_Function` (id, evaluation, id_employee, id_function) VALUES (null, 3, 352, 1);
INSERT INTO `Employee_Function` (id, evaluation, id_employee, id_function) VALUES (null, 3, 353, 1);
INSERT INTO `Employee_Function` (id, evaluation, id_employee, id_function) VALUES (null, 3, 354, 1);
INSERT INTO `Employee_Function` (id, evaluation, id_employee, id_function) VALUES (null, 3, 355, 1);
INSERT INTO `Employee_Function` (id, evaluation, id_employee, id_function) VALUES (null, 3, 356, 1);
INSERT INTO `Employee_Function` (id, evaluation, id_employee, id_function) VALUES (null, 3, 357, 1);
INSERT INTO `Employee_Function` (id, evaluation, id_employee, id_function) VALUES (null, 3, 358, 1);
INSERT INTO `Employee_Function` (id, evaluation, id_employee, id_function) VALUES (null, 3, 359, 1);
INSERT INTO `Employee_Function` (id, evaluation, id_employee, id_function) VALUES (null, 3, 360, 1);
INSERT INTO `Employee_Function` (id, evaluation, id_employee, id_function) VALUES (null, 3, 361, 1);
INSERT INTO `Employee_Function` (id, evaluation, id_employee, id_function) VALUES (null, 3, 362, 1);
INSERT INTO `Employee_Function` (id, evaluation, id_employee, id_function) VALUES (null, 3, 363, 1);
INSERT INTO `Employee_Function` (id, evaluation, id_employee, id_function) VALUES (null, 3, 364, 1);
INSERT INTO `Employee_Function` (id, evaluation, id_employee, id_function) VALUES (null, 3, 365, 1);
INSERT INTO `Employee_Function` (id, evaluation, id_employee, id_function) VALUES (null, 3, 366, 1);
INSERT INTO `Employee_Function` (id, evaluation, id_employee, id_function) VALUES (null, 3, 367, 1);
INSERT INTO `Employee_Function` (id, evaluation, id_employee, id_function) VALUES (null, 3, 368, 1);
INSERT INTO `Employee_Function` (id, evaluation, id_employee, id_function) VALUES (null, 3, 369, 1);
INSERT INTO `Employee_Function` (id, evaluation, id_employee, id_function) VALUES (null, 3, 370, 1);
INSERT INTO `Employee_Function` (id, evaluation, id_employee, id_function) VALUES (null, 3, 371, 1);
INSERT INTO `Employee_Function` (id, evaluation, id_employee, id_function) VALUES (null, 3, 372, 1);
INSERT INTO `Employee_Function` (id, evaluation, id_employee, id_function) VALUES (null, 3, 373, 1);
INSERT INTO `Employee_Function` (id, evaluation, id_employee, id_function) VALUES (null, 3, 374, 1);
INSERT INTO `Employee_Function` (id, evaluation, id_employee, id_function) VALUES (null, 3, 375, 1);
INSERT INTO `Employee_Function` (id, evaluation, id_employee, id_function) VALUES (null, 3, 376, 1);
INSERT INTO `Employee_Function` (id, evaluation, id_employee, id_function) VALUES (null, 3, 377, 1);
INSERT INTO `Employee_Function` (id, evaluation, id_employee, id_function) VALUES (null, 3, 378, 1);
INSERT INTO `Employee_Function` (id, evaluation, id_employee, id_function) VALUES (null, 3, 379, 1);
INSERT INTO `Employee_Function` (id, evaluation, id_employee, id_function) VALUES (null, 3, 380, 1);
INSERT INTO `Employee_Function` (id, evaluation, id_employee, id_function) VALUES (null, 3, 381, 1);
INSERT INTO `Employee_Function` (id, evaluation, id_employee, id_function) VALUES (null, 3, 382, 1);
INSERT INTO `Employee_Function` (id, evaluation, id_employee, id_function) VALUES (null, 3, 383, 1);
INSERT INTO `Employee_Function` (id, evaluation, id_employee, id_function) VALUES (null, 3, 384, 1);
INSERT INTO `Employee_Function` (id, evaluation, id_employee, id_function) VALUES (null, 3, 385, 1);
INSERT INTO `Employee_Function` (id, evaluation, id_employee, id_function) VALUES (null, 3, 386, 1);
INSERT INTO `Employee_Function` (id, evaluation, id_employee, id_function) VALUES (null, 3, 387, 1);
INSERT INTO `Employee_Function` (id, evaluation, id_employee, id_function) VALUES (null, 3, 388, 1);
INSERT INTO `Employee_Function` (id, evaluation, id_employee, id_function) VALUES (null, 3, 389, 1);
INSERT INTO `Employee_Function` (id, evaluation, id_employee, id_function) VALUES (null, 3, 390, 1);
INSERT INTO `Employee_Function` (id, evaluation, id_employee, id_function) VALUES (null, 3, 391, 1);
INSERT INTO `Employee_Function` (id, evaluation, id_employee, id_function) VALUES (null, 2, 392, 2);
INSERT INTO `Employee_Function` (id, evaluation, id_employee, id_function) VALUES (null, 2, 393, 2);
INSERT INTO `Employee_Function` (id, evaluation, id_employee, id_function) VALUES (null, 2, 394, 2);
INSERT INTO `Employee_Function` (id, evaluation, id_employee, id_function) VALUES (null, 2, 395, 2);
INSERT INTO `Employee_Function` (id, evaluation, id_employee, id_function) VALUES (null, 2, 396, 2);
INSERT INTO `Employee_Function` (id, evaluation, id_employee, id_function) VALUES (null, 2, 397, 2);
INSERT INTO `Employee_Function` (id, evaluation, id_employee, id_function) VALUES (null, 2, 398, 2);
INSERT INTO `Employee_Function` (id, evaluation, id_employee, id_function) VALUES (null, 2, 399, 2);
INSERT INTO `Employee_Function` (id, evaluation, id_employee, id_function) VALUES (null, 2, 400, 2);
INSERT INTO `Employee_Function` (id, evaluation, id_employee, id_function) VALUES (null, 2, 401, 2);
INSERT INTO `Employee_Function` (id, evaluation, id_employee, id_function) VALUES (null, 2, 402, 2);
INSERT INTO `Employee_Function` (id, evaluation, id_employee, id_function) VALUES (null, 2, 403, 2);
INSERT INTO `Employee_Function` (id, evaluation, id_employee, id_function) VALUES (null, 2, 404, 2);
INSERT INTO `Employee_Function` (id, evaluation, id_employee, id_function) VALUES (null, 2, 405, 2);
INSERT INTO `Employee_Function` (id, evaluation, id_employee, id_function) VALUES (null, 2, 406, 2);
INSERT INTO `Employee_Function` (id, evaluation, id_employee, id_function) VALUES (null, 2, 407, 2);
INSERT INTO `Employee_Function` (id, evaluation, id_employee, id_function) VALUES (null, 2, 408, 2);
INSERT INTO `Employee_Function` (id, evaluation, id_employee, id_function) VALUES (null, 2, 409, 2);
INSERT INTO `Employee_Function` (id, evaluation, id_employee, id_function) VALUES (null, 2, 410, 2);
INSERT INTO `Employee_Function` (id, evaluation, id_employee, id_function) VALUES (null, 2, 411, 2);
INSERT INTO `Employee_Function` (id, evaluation, id_employee, id_function) VALUES (null, 2, 412, 2);
INSERT INTO `Employee_Function` (id, evaluation, id_employee, id_function) VALUES (null, 2, 413, 2);
INSERT INTO `Employee_Function` (id, evaluation, id_employee, id_function) VALUES (null, 2, 414, 2);
INSERT INTO `Employee_Function` (id, evaluation, id_employee, id_function) VALUES (null, 2, 415, 2);
INSERT INTO `Employee_Function` (id, evaluation, id_employee, id_function) VALUES (null, 2, 416, 2);
INSERT INTO `Employee_Function` (id, evaluation, id_employee, id_function) VALUES (null, 2, 417, 2);
INSERT INTO `Employee_Function` (id, evaluation, id_employee, id_function) VALUES (null, 2, 418, 2);
INSERT INTO `Employee_Function` (id, evaluation, id_employee, id_function) VALUES (null, 2, 419, 2);
INSERT INTO `Employee_Function` (id, evaluation, id_employee, id_function) VALUES (null, 2, 420, 2);
INSERT INTO `Employee_Function` (id, evaluation, id_employee, id_function) VALUES (null, 2, 421, 2);
INSERT INTO `Employee_Function` (id, evaluation, id_employee, id_function) VALUES (null, 2, 422, 2);
INSERT INTO `Employee_Function` (id, evaluation, id_employee, id_function) VALUES (null, 2, 423, 2);
INSERT INTO `Employee_Function` (id, evaluation, id_employee, id_function) VALUES (null, 2, 424, 2);
INSERT INTO `Employee_Function` (id, evaluation, id_employee, id_function) VALUES (null, 2, 425, 2);
INSERT INTO `Employee_Function` (id, evaluation, id_employee, id_function) VALUES (null, 2, 426, 2);
INSERT INTO `Employee_Function` (id, evaluation, id_employee, id_function) VALUES (null, 2, 427, 2);
INSERT INTO `Employee_Function` (id, evaluation, id_employee, id_function) VALUES (null, 2, 428, 2);
INSERT INTO `Employee_Function` (id, evaluation, id_employee, id_function) VALUES (null, 2, 429, 2);
INSERT INTO `Employee_Function` (id, evaluation, id_employee, id_function) VALUES (null, 2, 430, 2);
INSERT INTO `Employee_Function` (id, evaluation, id_employee, id_function) VALUES (null, 2, 431, 2);
INSERT INTO `Employee_Function` (id, evaluation, id_employee, id_function) VALUES (null, 2, 432, 2);
INSERT INTO `Employee_Function` (id, evaluation, id_employee, id_function) VALUES (null, 2, 433, 2);
INSERT INTO `Employee_Function` (id, evaluation, id_employee, id_function) VALUES (null, 2, 434, 2);
INSERT INTO `Employee_Function` (id, evaluation, id_employee, id_function) VALUES (null, 2, 435, 2);
INSERT INTO `Employee_Function` (id, evaluation, id_employee, id_function) VALUES (null, 2, 436, 2);
INSERT INTO `Employee_Function` (id, evaluation, id_employee, id_function) VALUES (null, 2, 437, 2);
INSERT INTO `Employee_Function` (id, evaluation, id_employee, id_function) VALUES (null, 2, 438, 2);
INSERT INTO `Employee_Function` (id, evaluation, id_employee, id_function) VALUES (null, 2, 439, 2);
INSERT INTO `Employee_Function` (id, evaluation, id_employee, id_function) VALUES (null, 2, 440, 2);
INSERT INTO `Employee_Function` (id, evaluation, id_employee, id_function) VALUES (null, 2, 441, 2);
INSERT INTO `Employee_Function` (id, evaluation, id_employee, id_function) VALUES (null, 2, 442, 2);
INSERT INTO `Employee_Function` (id, evaluation, id_employee, id_function) VALUES (null, 2, 443, 2);
INSERT INTO `Employee_Function` (id, evaluation, id_employee, id_function) VALUES (null, 2, 444, 2);
INSERT INTO `Employee_Function` (id, evaluation, id_employee, id_function) VALUES (null, 2, 445, 2);
INSERT INTO `Employee_Function` (id, evaluation, id_employee, id_function) VALUES (null, 2, 446, 2);
INSERT INTO `Employee_Function` (id, evaluation, id_employee, id_function) VALUES (null, 2, 447, 2);
INSERT INTO `Employee_Function` (id, evaluation, id_employee, id_function) VALUES (null, 2, 448, 2);
INSERT INTO `Employee_Function` (id, evaluation, id_employee, id_function) VALUES (null, 2, 449, 2);
INSERT INTO `Employee_Function` (id, evaluation, id_employee, id_function) VALUES (null, 2, 450, 2);
INSERT INTO `Employee_Function` (id, evaluation, id_employee, id_function) VALUES (null, 2, 451, 2);
INSERT INTO `Employee_Function` (id, evaluation, id_employee, id_function) VALUES (null, 2, 452, 2);
INSERT INTO `Employee_Function` (id, evaluation, id_employee, id_function) VALUES (null, 2, 453, 2);
INSERT INTO `Employee_Function` (id, evaluation, id_employee, id_function) VALUES (null, 2, 454, 2);
INSERT INTO `Employee_Function` (id, evaluation, id_employee, id_function) VALUES (null, 2, 455, 2);
INSERT INTO `Employee_Function` (id, evaluation, id_employee, id_function) VALUES (null, 2, 456, 2);
INSERT INTO `Employee_Function` (id, evaluation, id_employee, id_function) VALUES (null, 2, 457, 2);
INSERT INTO `Employee_Function` (id, evaluation, id_employee, id_function) VALUES (null, 2, 458, 2);
INSERT INTO `Employee_Function` (id, evaluation, id_employee, id_function) VALUES (null, 2, 459, 2);
INSERT INTO `Employee_Function` (id, evaluation, id_employee, id_function) VALUES (null, 2, 460, 2);
INSERT INTO `Employee_Function` (id, evaluation, id_employee, id_function) VALUES (null, 2, 461, 2);
INSERT INTO `Employee_Function` (id, evaluation, id_employee, id_function) VALUES (null, 2, 462, 2);
INSERT INTO `Employee_Function` (id, evaluation, id_employee, id_function) VALUES (null, 2, 463, 2);
INSERT INTO `Employee_Function` (id, evaluation, id_employee, id_function) VALUES (null, 2, 464, 2);
INSERT INTO `Employee_Function` (id, evaluation, id_employee, id_function) VALUES (null, 2, 465, 2);
INSERT INTO `Employee_Function` (id, evaluation, id_employee, id_function) VALUES (null, 2, 466, 2);
INSERT INTO `Employee_Function` (id, evaluation, id_employee, id_function) VALUES (null, 2, 467, 2);
INSERT INTO `Employee_Function` (id, evaluation, id_employee, id_function) VALUES (null, 2, 468, 2);
INSERT INTO `Employee_Function` (id, evaluation, id_employee, id_function) VALUES (null, 2, 469, 2);
INSERT INTO `Employee_Function` (id, evaluation, id_employee, id_function) VALUES (null, 2, 470, 2);
INSERT INTO `Employee_Function` (id, evaluation, id_employee, id_function) VALUES (null, 2, 471, 2);
INSERT INTO `Employee_Function` (id, evaluation, id_employee, id_function) VALUES (null, 2, 472, 2);
INSERT INTO `Employee_Function` (id, evaluation, id_employee, id_function) VALUES (null, 2, 473, 2);
INSERT INTO `Employee_Function` (id, evaluation, id_employee, id_function) VALUES (null, 2, 474, 2);
INSERT INTO `Employee_Function` (id, evaluation, id_employee, id_function) VALUES (null, 2, 475, 2);
INSERT INTO `Employee_Function` (id, evaluation, id_employee, id_function) VALUES (null, 2, 476, 2);
INSERT INTO `Employee_Function` (id, evaluation, id_employee, id_function) VALUES (null, 2, 477, 2);
INSERT INTO `Employee_Function` (id, evaluation, id_employee, id_function) VALUES (null, 2, 478, 2);
INSERT INTO `Employee_Function` (id, evaluation, id_employee, id_function) VALUES (null, 2, 479, 2);
INSERT INTO `Employee_Function` (id, evaluation, id_employee, id_function) VALUES (null, 2, 480, 2);
INSERT INTO `Employee_Function` (id, evaluation, id_employee, id_function) VALUES (null, 2, 481, 2);
INSERT INTO `Employee_Function` (id, evaluation, id_employee, id_function) VALUES (null, 2, 482, 2);
INSERT INTO `Employee_Function` (id, evaluation, id_employee, id_function) VALUES (null, 2, 483, 2);
INSERT INTO `Employee_Function` (id, evaluation, id_employee, id_function) VALUES (null, 2, 484, 2);
INSERT INTO `Employee_Function` (id, evaluation, id_employee, id_function) VALUES (null, 1, 485, 5);
INSERT INTO `Employee_Function` (id, evaluation, id_employee, id_function) VALUES (null, 1, 486, 5);
INSERT INTO `Employee_Function` (id, evaluation, id_employee, id_function) VALUES (null, 1, 487, 5);
INSERT INTO `Employee_Function` (id, evaluation, id_employee, id_function) VALUES (null, 1, 488, 5);
INSERT INTO `Employee_Function` (id, evaluation, id_employee, id_function) VALUES (null, 1, 489, 5);
INSERT INTO `Employee_Function` (id, evaluation, id_employee, id_function) VALUES (null, 1, 490, 5);
INSERT INTO `Employee_Function` (id, evaluation, id_employee, id_function) VALUES (null, 1, 491, 5);
INSERT INTO `Employee_Function` (id, evaluation, id_employee, id_function) VALUES (null, 1, 492, 5);
INSERT INTO `Employee_Function` (id, evaluation, id_employee, id_function) VALUES (null, 1, 493, 5);
INSERT INTO `Employee_Function` (id, evaluation, id_employee, id_function) VALUES (null, 1, 494, 5);
INSERT INTO `Employee_Function` (id, evaluation, id_employee, id_function) VALUES (null, 1, 495, 5);
INSERT INTO `PlayType` (id, name) VALUES (1, 'Oper');
INSERT INTO `PlayType` (id, name) VALUES (2, 'Ballett');
INSERT INTO `PlayType` (id, name) VALUES (3, 'Lieder Abend');
INSERT INTO `Play` (id, name, playType_id) VALUES (1, 'Aida', 1);
INSERT INTO `Play` (id, name, playType_id) VALUES (2, 'Salome', 1);
INSERT INTO `Play` (id, name, playType_id) VALUES (3, 'Liebestrank', 1);
INSERT INTO `Play` (id, name, playType_id) VALUES (4, 'Nabucco', 1);
INSERT INTO `Play` (id, name, playType_id) VALUES (5, 'Das schlaue Füchslein', 1);
INSERT INTO `Play` (id, name, playType_id) VALUES (6, 'Tannhäuser', 1);
INSERT INTO `Play` (id, name, playType_id) VALUES (7, 'Götterdämmerung', 1);
INSERT INTO `Play` (id, name, playType_id) VALUES (8, 'Siegfried', 1);
INSERT INTO `Play` (id, name, playType_id) VALUES (9, 'Lohengrin', 1);
INSERT INTO `Play` (id, name, playType_id) VALUES (10, 'Rienzi', 1);
INSERT INTO `Play` (id, name, playType_id) VALUES (11, 'Waffenschmied', 1);
INSERT INTO `Play` (id, name, playType_id) VALUES (12, 'Turandot', 1);
INSERT INTO `Play` (id, name, playType_id) VALUES (13, 'Hänsel und Gretel', 1);
INSERT INTO `Play` (id, name, playType_id) VALUES (14, 'Der Fliegende Holländer', 1);
INSERT INTO `Play` (id, name, playType_id) VALUES (15, 'Tosca', 1);
INSERT INTO `Play` (id, name, playType_id) VALUES (16, 'Rusalka', 1);
INSERT INTO `Play` (id, name, playType_id) VALUES (17, 'La Fanciula del West', 1);
INSERT INTO `Play` (id, name, playType_id) VALUES (18, 'Manon', 1);
INSERT INTO `Play` (id, name, playType_id) VALUES (19, 'Das Städtchen Drumherum', 1);
INSERT INTO `Play` (id, name, playType_id) VALUES (20, 'Don Carlo', 1);
INSERT INTO `Play` (id, name, playType_id) VALUES (21, 'Ariadne auf Naxos', 1);
INSERT INTO `Play` (id, name, playType_id) VALUES (22, 'Roberto Devereux', 1);
INSERT INTO `Play` (id, name, playType_id) VALUES (23, 'La Boheme', 1);
INSERT INTO `Play` (id, name, playType_id) VALUES (24, 'Romeo & Julia', 1);
INSERT INTO `Play` (id, name, playType_id) VALUES (25, 'Il Barbier die Sevillia', 1);
INSERT INTO `Play` (id, name, playType_id) VALUES (26, 'Chowanschtschina', 1);
INSERT INTO `Play` (id, name, playType_id) VALUES (27, 'Le Nozze di Figaro', 1);
INSERT INTO `Play` (id, name, playType_id) VALUES (28, 'Der Rosenkavalier', 1);
SET FOREIGN_KEY_CHECKS = 0;
INSERT INTO `Process` (id, name, next_id) VALUES (1, 'Korrepetitionsprobe', 2);
INSERT INTO `Process` (id, name, next_id) VALUES (2, 'Ensembleprobe', 3);
INSERT INTO `Process` (id, name, next_id) VALUES (3, 'Szenische Probe', 4);
INSERT INTO `Process` (id, name, next_id) VALUES (4, 'Bühnenprobe', 7)
;INSERT INTO `Process` (id, name, next_id) VALUES (5, 'Chor-allein Probe', 7);
INSERT INTO `Process` (id, name, next_id) VALUES (6, 'Orchester-allein Probe', 7);
INSERT INTO `Process` (id, name, next_id) VALUES (7, 'Klavierprobe', 8);
INSERT INTO `Process` (id, name, next_id) VALUES (8, 'Orchesterhauptprobe', 9);
INSERT INTO `Process` (id, name, next_id) VALUES (9, 'Generalprobe', 10);
INSERT INTO `Process` (id, name, next_id) VALUES (10, 'Premiere', null);
SET FOREIGN_KEY_CHECKS = 1;
INSERT INTO `PerformanceType` (id, name, processStart_id) VALUES (1, 'Neuinszenierung', 1);
INSERT INTO `PerformanceType` (id, name, processStart_id) VALUES (2, 'Wiederaufnahme', 3);
INSERT INTO `PerformanceType` (id, name, processStart_id) VALUES (3, 'Repertoire', 10);
INSERT INTO `Performance` (id, play_id, date, performanceType_id) VALUES (1, 1, STR_TO_DATE('01.09.2014', '%d.%m.%Y'), 1);
INSERT INTO `Performance` (id, play_id, date, performanceType_id) VALUES (2, 2, STR_TO_DATE('02.09.2014', '%d.%m.%Y'), 1);
INSERT INTO `Performance` (id, play_id, date, performanceType_id) VALUES (3, 3, STR_TO_DATE('03.09.2014', '%d.%m.%Y'), 1);
INSERT INTO `Performance` (id, play_id, date, performanceType_id) VALUES (4, 4, STR_TO_DATE('04.09.2014', '%d.%m.%Y'), 1);
INSERT INTO `Performance` (id, play_id, date, performanceType_id) VALUES (5, 5, STR_TO_DATE('05.09.2014', '%d.%m.%Y'), 1);
INSERT INTO `Performance` (id, play_id, date, performanceType_id) VALUES (6, 6, STR_TO_DATE('06.09.2014', '%d.%m.%Y'), 1);
INSERT INTO `Performance` (id, play_id, date, performanceType_id) VALUES (7, 7, STR_TO_DATE('07.09.2014', '%d.%m.%Y'), 2);
INSERT INTO `Performance` (id, play_id, date, performanceType_id) VALUES (8, 8, STR_TO_DATE('08.09.2014', '%d.%m.%Y'), 1);
INSERT INTO `Performance` (id, play_id, date, performanceType_id) VALUES (9, 9, STR_TO_DATE('09.09.2014', '%d.%m.%Y'), 1);
INSERT INTO `Performance` (id, play_id, date, performanceType_id) VALUES (10, 10, STR_TO_DATE('10.09.2014', '%d.%m.%Y'), 1);
INSERT INTO `Performance` (id, play_id, date, performanceType_id) VALUES (11, 11, STR_TO_DATE('11.09.2014', '%d.%m.%Y'), 1);
INSERT INTO `Performance` (id, play_id, date, performanceType_id) VALUES (12, 12, STR_TO_DATE('12.09.2014', '%d.%m.%Y'), 1);
INSERT INTO `Performance` (id, play_id, date, performanceType_id) VALUES (13, 13, STR_TO_DATE('13.09.2014', '%d.%m.%Y'), 3);
INSERT INTO `Performance` (id, play_id, date, performanceType_id) VALUES (14, 14, STR_TO_DATE('14.09.2014', '%d.%m.%Y'), 1);
INSERT INTO `Performance` (id, play_id, date, performanceType_id) VALUES (15, 15, STR_TO_DATE('15.09.2014', '%d.%m.%Y'), 1);
INSERT INTO `Performance` (id, play_id, date, performanceType_id) VALUES (16, 16, STR_TO_DATE('16.09.2014', '%d.%m.%Y'), 1);
INSERT INTO `Performance` (id, play_id, date, performanceType_id) VALUES (17, 17, STR_TO_DATE('17.09.2014', '%d.%m.%Y'), 1);
INSERT INTO `Performance` (id, play_id, date, performanceType_id) VALUES (18, 18, STR_TO_DATE('18.09.2014', '%d.%m.%Y'), 2);
INSERT INTO `Performance` (id, play_id, date, performanceType_id) VALUES (19, 19, STR_TO_DATE('19.09.2014', '%d.%m.%Y'), 1);
INSERT INTO `Performance` (id, play_id, date, performanceType_id) VALUES (20, 20, STR_TO_DATE('20.09.2014', '%d.%m.%Y'), 1);
INSERT INTO `Performance` (id, play_id, date, performanceType_id) VALUES (21, 21, STR_TO_DATE('21.09.2014', '%d.%m.%Y'), 1);
INSERT INTO `Performance` (id, play_id, date, performanceType_id) VALUES (22, 22, STR_TO_DATE('22.09.2014', '%d.%m.%Y'), 1);
INSERT INTO `Performance` (id, play_id, date, performanceType_id) VALUES (23, 23, STR_TO_DATE('23.09.2014', '%d.%m.%Y'), 2);
INSERT INTO `Performance` (id, play_id, date, performanceType_id) VALUES (24, 24, STR_TO_DATE('24.09.2014', '%d.%m.%Y'), 1);
INSERT INTO `Performance` (id, play_id, date, performanceType_id) VALUES (25, 25, STR_TO_DATE('25.09.2014', '%d.%m.%Y'), 1);
INSERT INTO `Performance` (id, play_id, date, performanceType_id) VALUES (26, 26, STR_TO_DATE('26.09.2014', '%d.%m.%Y'), 1);
INSERT INTO `Performance` (id, play_id, date, performanceType_id) VALUES (27, 27, STR_TO_DATE('27.09.2014', '%d.%m.%Y'), 2);
INSERT INTO `Performance` (id, play_id, date, performanceType_id) VALUES (28, 28, STR_TO_DATE('28.09.2014', '%d.%m.%Y'), 1);
INSERT INTO `Performance_Employee` (performances_id, employees_id) VALUES (1, 1);
INSERT INTO `Performance_Employee` (performances_id, employees_id) VALUES (1, 5);
INSERT INTO `Performance_Employee` (performances_id, employees_id) VALUES (1, 6);
INSERT INTO `Performance_Employee` (performances_id, employees_id) VALUES (1, 7);
INSERT INTO `Performance_Employee` (performances_id, employees_id) VALUES (1, 8);
INSERT INTO `Performance_Employee` (performances_id, employees_id) VALUES (1, 9);
INSERT INTO `Performance_Employee` (performances_id, employees_id) VALUES (1, 10);
INSERT INTO `Performance_Employee` (performances_id, employees_id) VALUES (1, 11);
INSERT INTO `Performance_Employee` (performances_id, employees_id) VALUES (1, 12);
INSERT INTO `Performance_Employee` (performances_id, employees_id) VALUES (1, 13);
INSERT INTO `Performance_Employee` (performances_id, employees_id) VALUES (1, 14);
INSERT INTO `Performance_Employee` (performances_id, employees_id) VALUES (1, 15);
INSERT INTO `Performance_Employee` (performances_id, employees_id) VALUES (1, 27);
INSERT INTO `Performance_Employee` (performances_id, employees_id) VALUES (1, 28);
INSERT INTO `Performance_Employee` (performances_id, employees_id) VALUES (1, 29);
INSERT INTO `Performance_Employee` (performances_id, employees_id) VALUES (1, 30);
INSERT INTO `Performance_Employee` (performances_id, employees_id) VALUES (1, 31);
INSERT INTO `Performance_Employee` (performances_id, employees_id) VALUES (1, 32);
INSERT INTO `Performance_Employee` (performances_id, employees_id) VALUES (1, 33);
INSERT INTO `Performance_Employee` (performances_id, employees_id) VALUES (1, 34);
INSERT INTO `Performance_Employee` (performances_id, employees_id) VALUES (1, 35);
INSERT INTO `Performance_Employee` (performances_id, employees_id) VALUES (1, 36);
INSERT INTO `Performance_Employee` (performances_id, employees_id) VALUES (1, 46);
INSERT INTO `Performance_Employee` (performances_id, employees_id) VALUES (1, 49);
INSERT INTO `Performance_Employee` (performances_id, employees_id) VALUES (1, 50);
INSERT INTO `Performance_Employee` (performances_id, employees_id) VALUES (1, 51);
INSERT INTO `Performance_Employee` (performances_id, employees_id) VALUES (1, 52);
INSERT INTO `Performance_Employee` (performances_id, employees_id) VALUES (1, 53);
INSERT INTO `Performance_Employee` (performances_id, employees_id) VALUES (1, 54);
INSERT INTO `Performance_Employee` (performances_id, employees_id) VALUES (1, 55);
INSERT INTO `Performance_Employee` (performances_id, employees_id) VALUES (1, 62);
INSERT INTO `Performance_Employee` (performances_id, employees_id) VALUES (1, 65);
INSERT INTO `Performance_Employee` (performances_id, employees_id) VALUES (1, 66);
INSERT INTO `Performance_Employee` (performances_id, employees_id) VALUES (1, 67);
INSERT INTO `Performance_Employee` (performances_id, employees_id) VALUES (1, 68);
INSERT INTO `Performance_Employee` (performances_id, employees_id) VALUES (1, 69);
INSERT INTO `Performance_Employee` (performances_id, employees_id) VALUES (1, 76);
INSERT INTO `Performance_Employee` (performances_id, employees_id) VALUES (1, 79);
INSERT INTO `Performance_Employee` (performances_id, employees_id) VALUES (1, 80);
INSERT INTO `Performance_Employee` (performances_id, employees_id) VALUES (1, 81);
INSERT INTO `Performance_Employee` (performances_id, employees_id) VALUES (1, 89);
INSERT INTO `Performance_Employee` (performances_id, employees_id) VALUES (1, 91);
INSERT INTO `Performance_Employee` (performances_id, employees_id) VALUES (1, 92);
INSERT INTO `Performance_Employee` (performances_id, employees_id) VALUES (1, 97);
INSERT INTO `Performance_Employee` (performances_id, employees_id) VALUES (1, 98);
INSERT INTO `Performance_Employee` (performances_id, employees_id) VALUES (1, 103);
INSERT INTO `Performance_Employee` (performances_id, employees_id) VALUES (1, 104);
INSERT INTO `Performance_Employee` (performances_id, employees_id) VALUES (1, 109);
INSERT INTO `Performance_Employee` (performances_id, employees_id) VALUES (1, 110);
INSERT INTO `Performance_Employee` (performances_id, employees_id) VALUES (1, 115);
INSERT INTO `Performance_Employee` (performances_id, employees_id) VALUES (1, 116);
INSERT INTO `Performance_Employee` (performances_id, employees_id) VALUES (1, 125);
INSERT INTO `Performance_Employee` (performances_id, employees_id) VALUES (1, 126);
INSERT INTO `Performance_Employee` (performances_id, employees_id) VALUES (1, 131);
INSERT INTO `Performance_Employee` (performances_id, employees_id) VALUES (1, 132);
INSERT INTO `Performance_Employee` (performances_id, employees_id) VALUES (1, 138);
INSERT INTO `Performance_Employee` (performances_id, employees_id) VALUES (1, 145);
INSERT INTO `Performance_Employee` (performances_id, employees_id) VALUES (1, 189);
INSERT INTO `Performance_Employee` (performances_id, employees_id) VALUES (1, 190);
INSERT INTO `Performance_Employee` (performances_id, employees_id) VALUES (1, 191);
INSERT INTO `Performance_Employee` (performances_id, employees_id) VALUES (1, 192);
INSERT INTO `Performance_Employee` (performances_id, employees_id) VALUES (1, 193);
INSERT INTO `Performance_Employee` (performances_id, employees_id) VALUES (1, 194);
INSERT INTO `Performance_Employee` (performances_id, employees_id) VALUES (1, 392);
INSERT INTO `Performance_Employee` (performances_id, employees_id) VALUES (1, 393);
INSERT INTO `Performance_Employee` (performances_id, employees_id) VALUES (1, 394);
INSERT INTO `Performance_Employee` (performances_id, employees_id) VALUES (1, 395);
INSERT INTO `Performance_Employee` (performances_id, employees_id) VALUES (1, 396);
INSERT INTO `Performance_Employee` (performances_id, employees_id) VALUES (1, 397);
INSERT INTO `Performance_Employee` (performances_id, employees_id) VALUES (1, 398);
INSERT INTO `Performance_Employee` (performances_id, employees_id) VALUES (1, 399);
INSERT INTO `Performance_Employee` (performances_id, employees_id) VALUES (1, 400);
INSERT INTO `Performance_Employee` (performances_id, employees_id) VALUES (1, 401);
INSERT INTO `Performance_Employee` (performances_id, employees_id) VALUES (1, 402);
INSERT INTO `Performance_Employee` (performances_id, employees_id) VALUES (1, 403);
INSERT INTO `Performance_Employee` (performances_id, employees_id) VALUES (1, 404);
INSERT INTO `Performance_Employee` (performances_id, employees_id) VALUES (1, 405);
INSERT INTO `Performance_Employee` (performances_id, employees_id) VALUES (1, 406);
INSERT INTO `Performance_Employee` (performances_id, employees_id) VALUES (1, 407);
INSERT INTO `Performance_Employee` (performances_id, employees_id) VALUES (1, 408);
INSERT INTO `Performance_Employee` (performances_id, employees_id) VALUES (1, 409);
INSERT INTO `Performance_Employee` (performances_id, employees_id) VALUES (1, 410);
INSERT INTO `Performance_Employee` (performances_id, employees_id) VALUES (1, 411);
INSERT INTO `Performance_Employee` (performances_id, employees_id) VALUES (1, 412);
INSERT INTO `Performance_Employee` (performances_id, employees_id) VALUES (1, 413);
INSERT INTO `Performance_Employee` (performances_id, employees_id) VALUES (1, 414);
INSERT INTO `Performance_Employee` (performances_id, employees_id) VALUES (1, 485);
INSERT INTO `Performance_Employee` (performances_id, employees_id) VALUES (2, 2);
INSERT INTO `Performance_Employee` (performances_id, employees_id) VALUES (2, 16);
INSERT INTO `Performance_Employee` (performances_id, employees_id) VALUES (2, 17);
INSERT INTO `Performance_Employee` (performances_id, employees_id) VALUES (2, 18);
INSERT INTO `Performance_Employee` (performances_id, employees_id) VALUES (2, 19);
INSERT INTO `Performance_Employee` (performances_id, employees_id) VALUES (2, 20);
INSERT INTO `Performance_Employee` (performances_id, employees_id) VALUES (2, 21);
INSERT INTO `Performance_Employee` (performances_id, employees_id) VALUES (2, 22);
INSERT INTO `Performance_Employee` (performances_id, employees_id) VALUES (2, 23);
INSERT INTO `Performance_Employee` (performances_id, employees_id) VALUES (2, 24);
INSERT INTO `Performance_Employee` (performances_id, employees_id) VALUES (2, 25);
INSERT INTO `Performance_Employee` (performances_id, employees_id) VALUES (2, 26);
INSERT INTO `Performance_Employee` (performances_id, employees_id) VALUES (2, 34);
INSERT INTO `Performance_Employee` (performances_id, employees_id) VALUES (2, 35);
INSERT INTO `Performance_Employee` (performances_id, employees_id) VALUES (2, 36);
INSERT INTO `Performance_Employee` (performances_id, employees_id) VALUES (2, 37);
INSERT INTO `Performance_Employee` (performances_id, employees_id) VALUES (2, 38);
INSERT INTO `Performance_Employee` (performances_id, employees_id) VALUES (2, 39);
INSERT INTO `Performance_Employee` (performances_id, employees_id) VALUES (2, 40);
INSERT INTO `Performance_Employee` (performances_id, employees_id) VALUES (2, 41);
INSERT INTO `Performance_Employee` (performances_id, employees_id) VALUES (2, 42);
INSERT INTO `Performance_Employee` (performances_id, employees_id) VALUES (2, 43);
INSERT INTO `Performance_Employee` (performances_id, employees_id) VALUES (2, 47);
INSERT INTO `Performance_Employee` (performances_id, employees_id) VALUES (2, 55);
INSERT INTO `Performance_Employee` (performances_id, employees_id) VALUES (2, 56);
INSERT INTO `Performance_Employee` (performances_id, employees_id) VALUES (2, 57);
INSERT INTO `Performance_Employee` (performances_id, employees_id) VALUES (2, 58);
INSERT INTO `Performance_Employee` (performances_id, employees_id) VALUES (2, 59);
INSERT INTO `Performance_Employee` (performances_id, employees_id) VALUES (2, 60);
INSERT INTO `Performance_Employee` (performances_id, employees_id) VALUES (2, 61);
INSERT INTO `Performance_Employee` (performances_id, employees_id) VALUES (2, 63);
INSERT INTO `Performance_Employee` (performances_id, employees_id) VALUES (2, 71);
INSERT INTO `Performance_Employee` (performances_id, employees_id) VALUES (2, 72);
INSERT INTO `Performance_Employee` (performances_id, employees_id) VALUES (2, 73);
INSERT INTO `Performance_Employee` (performances_id, employees_id) VALUES (2, 74);
INSERT INTO `Performance_Employee` (performances_id, employees_id) VALUES (2, 75);
INSERT INTO `Performance_Employee` (performances_id, employees_id) VALUES (2, 77);
INSERT INTO `Performance_Employee` (performances_id, employees_id) VALUES (2, 86);
INSERT INTO `Performance_Employee` (performances_id, employees_id) VALUES (2, 87);
INSERT INTO `Performance_Employee` (performances_id, employees_id) VALUES (2, 88);
INSERT INTO `Performance_Employee` (performances_id, employees_id) VALUES (2, 90);
INSERT INTO `Performance_Employee` (performances_id, employees_id) VALUES (2, 95);
INSERT INTO `Performance_Employee` (performances_id, employees_id) VALUES (2, 96);
INSERT INTO `Performance_Employee` (performances_id, employees_id) VALUES (2, 101);
INSERT INTO `Performance_Employee` (performances_id, employees_id) VALUES (2, 102);
INSERT INTO `Performance_Employee` (performances_id, employees_id) VALUES (2, 105);
INSERT INTO `Performance_Employee` (performances_id, employees_id) VALUES (2, 108);
INSERT INTO `Performance_Employee` (performances_id, employees_id) VALUES (2, 110);
INSERT INTO `Performance_Employee` (performances_id, employees_id) VALUES (2, 114);
INSERT INTO `Performance_Employee` (performances_id, employees_id) VALUES (2, 116);
INSERT INTO `Performance_Employee` (performances_id, employees_id) VALUES (2, 119);
INSERT INTO `Performance_Employee` (performances_id, employees_id) VALUES (2, 121);
INSERT INTO `Performance_Employee` (performances_id, employees_id) VALUES (2, 123);
INSERT INTO `Performance_Employee` (performances_id, employees_id) VALUES (2, 127);
INSERT INTO `Performance_Employee` (performances_id, employees_id) VALUES (2, 130);
INSERT INTO `Performance_Employee` (performances_id, employees_id) VALUES (2, 131);
INSERT INTO `Performance_Employee` (performances_id, employees_id) VALUES (2, 133);
INSERT INTO `Performance_Employee` (performances_id, employees_id) VALUES (2, 135);
INSERT INTO `Performance_Employee` (performances_id, employees_id) VALUES (2, 137);
INSERT INTO `Performance_Employee` (performances_id, employees_id) VALUES (2, 139);
INSERT INTO `Performance_Employee` (performances_id, employees_id) VALUES (2, 144);
INSERT INTO `Performance_Employee` (performances_id, employees_id) VALUES (2, 149);
INSERT INTO `Performance_Employee` (performances_id, employees_id) VALUES (2, 201);
INSERT INTO `Performance_Employee` (performances_id, employees_id) VALUES (2, 202);
INSERT INTO `Performance_Employee` (performances_id, employees_id) VALUES (2, 203);
INSERT INTO `Performance_Employee` (performances_id, employees_id) VALUES (2, 204);
INSERT INTO `Performance_Employee` (performances_id, employees_id) VALUES (2, 205);
INSERT INTO `Performance_Employee` (performances_id, employees_id) VALUES (2, 413);
INSERT INTO `Performance_Employee` (performances_id, employees_id) VALUES (2, 414);
INSERT INTO `Performance_Employee` (performances_id, employees_id) VALUES (2, 415);
INSERT INTO `Performance_Employee` (performances_id, employees_id) VALUES (2, 416);
INSERT INTO `Performance_Employee` (performances_id, employees_id) VALUES (2, 417);
INSERT INTO `Performance_Employee` (performances_id, employees_id) VALUES (2, 418);
INSERT INTO `Performance_Employee` (performances_id, employees_id) VALUES (2, 419);
INSERT INTO `Performance_Employee` (performances_id, employees_id) VALUES (2, 420);
INSERT INTO `Performance_Employee` (performances_id, employees_id) VALUES (2, 421);
INSERT INTO `Performance_Employee` (performances_id, employees_id) VALUES (2, 422);
INSERT INTO `Performance_Employee` (performances_id, employees_id) VALUES (2, 423);
INSERT INTO `Performance_Employee` (performances_id, employees_id) VALUES (2, 424);
INSERT INTO `Performance_Employee` (performances_id, employees_id) VALUES (2, 425);
INSERT INTO `Performance_Employee` (performances_id, employees_id) VALUES (2, 426);
INSERT INTO `Performance_Employee` (performances_id, employees_id) VALUES (2, 427);
INSERT INTO `Performance_Employee` (performances_id, employees_id) VALUES (2, 428);
INSERT INTO `Performance_Employee` (performances_id, employees_id) VALUES (2, 494);
INSERT INTO `Performance_Employee` (performances_id, employees_id) VALUES (2, 495);
INSERT INTO `Performance_Employee` (performances_id, employees_id) VALUES (3, 3);
INSERT INTO `Performance_Employee` (performances_id, employees_id) VALUES (3, 11);
INSERT INTO `Performance_Employee` (performances_id, employees_id) VALUES (3, 12);
INSERT INTO `Performance_Employee` (performances_id, employees_id) VALUES (3, 13);
INSERT INTO `Performance_Employee` (performances_id, employees_id) VALUES (3, 14);
INSERT INTO `Performance_Employee` (performances_id, employees_id) VALUES (3, 15);
INSERT INTO `Performance_Employee` (performances_id, employees_id) VALUES (3, 16);
INSERT INTO `Performance_Employee` (performances_id, employees_id) VALUES (3, 17);
INSERT INTO `Performance_Employee` (performances_id, employees_id) VALUES (3, 18);
INSERT INTO `Performance_Employee` (performances_id, employees_id) VALUES (3, 19);
INSERT INTO `Performance_Employee` (performances_id, employees_id) VALUES (3, 20);
INSERT INTO `Performance_Employee` (performances_id, employees_id) VALUES (3, 21);
INSERT INTO `Performance_Employee` (performances_id, employees_id) VALUES (3, 31);
INSERT INTO `Performance_Employee` (performances_id, employees_id) VALUES (3, 32);
INSERT INTO `Performance_Employee` (performances_id, employees_id) VALUES (3, 33);
INSERT INTO `Performance_Employee` (performances_id, employees_id) VALUES (3, 34);
INSERT INTO `Performance_Employee` (performances_id, employees_id) VALUES (3, 35);
INSERT INTO `Performance_Employee` (performances_id, employees_id) VALUES (3, 36);
INSERT INTO `Performance_Employee` (performances_id, employees_id) VALUES (3, 37);
INSERT INTO `Performance_Employee` (performances_id, employees_id) VALUES (3, 38);
INSERT INTO `Performance_Employee` (performances_id, employees_id) VALUES (3, 39);
INSERT INTO `Performance_Employee` (performances_id, employees_id) VALUES (3, 40);
INSERT INTO `Performance_Employee` (performances_id, employees_id) VALUES (3, 48);
INSERT INTO `Performance_Employee` (performances_id, employees_id) VALUES (3, 53);
INSERT INTO `Performance_Employee` (performances_id, employees_id) VALUES (3, 54);
INSERT INTO `Performance_Employee` (performances_id, employees_id) VALUES (3, 55);
INSERT INTO `Performance_Employee` (performances_id, employees_id) VALUES (3, 56);
INSERT INTO `Performance_Employee` (performances_id, employees_id) VALUES (3, 57);
INSERT INTO `Performance_Employee` (performances_id, employees_id) VALUES (3, 58);
INSERT INTO `Performance_Employee` (performances_id, employees_id) VALUES (3, 59);
INSERT INTO `Performance_Employee` (performances_id, employees_id) VALUES (3, 64);
INSERT INTO `Performance_Employee` (performances_id, employees_id) VALUES (3, 69);
INSERT INTO `Performance_Employee` (performances_id, employees_id) VALUES (3, 70);
INSERT INTO `Performance_Employee` (performances_id, employees_id) VALUES (3, 71);
INSERT INTO `Performance_Employee` (performances_id, employees_id) VALUES (3, 72);
INSERT INTO `Performance_Employee` (performances_id, employees_id) VALUES (3, 73);
INSERT INTO `Performance_Employee` (performances_id, employees_id) VALUES (3, 78);
INSERT INTO `Performance_Employee` (performances_id, employees_id) VALUES (3, 85);
INSERT INTO `Performance_Employee` (performances_id, employees_id) VALUES (3, 92);
INSERT INTO `Performance_Employee` (performances_id, employees_id) VALUES (3, 93);
INSERT INTO `Performance_Employee` (performances_id, employees_id) VALUES (3, 99);
INSERT INTO `Performance_Employee` (performances_id, employees_id) VALUES (3, 100);
INSERT INTO `Performance_Employee` (performances_id, employees_id) VALUES (3, 105);
INSERT INTO `Performance_Employee` (performances_id, employees_id) VALUES (3, 106);
INSERT INTO `Performance_Employee` (performances_id, employees_id) VALUES (3, 110);
INSERT INTO `Performance_Employee` (performances_id, employees_id) VALUES (3, 111);
INSERT INTO `Performance_Employee` (performances_id, employees_id) VALUES (3, 117);
INSERT INTO `Performance_Employee` (performances_id, employees_id) VALUES (3, 118);
INSERT INTO `Performance_Employee` (performances_id, employees_id) VALUES (3, 128);
INSERT INTO `Performance_Employee` (performances_id, employees_id) VALUES (3, 129);
INSERT INTO `Performance_Employee` (performances_id, employees_id) VALUES (3, 140);
INSERT INTO `Performance_Employee` (performances_id, employees_id) VALUES (3, 157);
INSERT INTO `Performance_Employee` (performances_id, employees_id) VALUES (3, 249);
INSERT INTO `Performance_Employee` (performances_id, employees_id) VALUES (3, 250);
INSERT INTO `Performance_Employee` (performances_id, employees_id) VALUES (3, 251);
INSERT INTO `Performance_Employee` (performances_id, employees_id) VALUES (3, 252);
INSERT INTO `Performance_Employee` (performances_id, employees_id) VALUES (3, 253);
INSERT INTO `Performance_Employee` (performances_id, employees_id) VALUES (3, 254);
INSERT INTO `Performance_Employee` (performances_id, employees_id) VALUES (3, 255);
INSERT INTO `Performance_Employee` (performances_id, employees_id) VALUES (3, 256);
INSERT INTO `Performance_Employee` (performances_id, employees_id) VALUES (3, 257);
INSERT INTO `Performance_Employee` (performances_id, employees_id) VALUES (3, 258);
INSERT INTO `Performance_Employee` (performances_id, employees_id) VALUES (3, 461);
INSERT INTO `Performance_Employee` (performances_id, employees_id) VALUES (3, 462);
INSERT INTO `Performance_Employee` (performances_id, employees_id) VALUES (3, 463);
INSERT INTO `Performance_Employee` (performances_id, employees_id) VALUES (3, 464);
INSERT INTO `Performance_Employee` (performances_id, employees_id) VALUES (3, 465);
INSERT INTO `Performance_Employee` (performances_id, employees_id) VALUES (3, 466);
INSERT INTO `Performance_Employee` (performances_id, employees_id) VALUES (3, 467);
INSERT INTO `Performance_Employee` (performances_id, employees_id) VALUES (3, 468);
INSERT INTO `Performance_Employee` (performances_id, employees_id) VALUES (3, 469);
INSERT INTO `Performance_Employee` (performances_id, employees_id) VALUES (3, 470);
INSERT INTO `Performance_Employee` (performances_id, employees_id) VALUES (3, 471);
INSERT INTO `Performance_Employee` (performances_id, employees_id) VALUES (3, 472);
INSERT INTO `Performance_Employee` (performances_id, employees_id) VALUES (3, 473);
INSERT INTO `Performance_Employee` (performances_id, employees_id) VALUES (3, 474);
INSERT INTO `Performance_Employee` (performances_id, employees_id) VALUES (3, 475);
INSERT INTO `Performance_Employee` (performances_id, employees_id) VALUES (3, 476);
INSERT INTO `Performance_Employee` (performances_id, employees_id) VALUES (3, 477);
INSERT INTO `Performance_Employee` (performances_id, employees_id) VALUES (3, 478);
INSERT INTO `Performance_Employee` (performances_id, employees_id) VALUES (3, 479);
INSERT INTO `Performance_Employee` (performances_id, employees_id) VALUES (3, 480);
INSERT INTO `Performance_Employee` (performances_id, employees_id) VALUES (3, 487);
INSERT INTO `Performance_Employee` (performances_id, employees_id) VALUES (3, 492);
INSERT INTO `Performance_Employee` (performances_id, employees_id) VALUES (4, 4);
INSERT INTO `Performance_Employee` (performances_id, employees_id) VALUES (4, 12);
INSERT INTO `Performance_Employee` (performances_id, employees_id) VALUES (4, 13);
INSERT INTO `Performance_Employee` (performances_id, employees_id) VALUES (4, 14);
INSERT INTO `Performance_Employee` (performances_id, employees_id) VALUES (4, 15);
INSERT INTO `Performance_Employee` (performances_id, employees_id) VALUES (4, 16);
INSERT INTO `Performance_Employee` (performances_id, employees_id) VALUES (4, 17);
INSERT INTO `Performance_Employee` (performances_id, employees_id) VALUES (4, 18);
INSERT INTO `Performance_Employee` (performances_id, employees_id) VALUES (4, 19);
INSERT INTO `Performance_Employee` (performances_id, employees_id) VALUES (4, 20);
INSERT INTO `Performance_Employee` (performances_id, employees_id) VALUES (4, 21);
INSERT INTO `Performance_Employee` (performances_id, employees_id) VALUES (4, 22);
INSERT INTO `Performance_Employee` (performances_id, employees_id) VALUES (4, 23);
INSERT INTO `Performance_Employee` (performances_id, employees_id) VALUES (4, 24);
INSERT INTO `Performance_Employee` (performances_id, employees_id) VALUES (4, 25);
INSERT INTO `Performance_Employee` (performances_id, employees_id) VALUES (4, 27);
INSERT INTO `Performance_Employee` (performances_id, employees_id) VALUES (4, 28);
INSERT INTO `Performance_Employee` (performances_id, employees_id) VALUES (4, 29);
INSERT INTO `Performance_Employee` (performances_id, employees_id) VALUES (4, 30);
INSERT INTO `Performance_Employee` (performances_id, employees_id) VALUES (4, 31);
INSERT INTO `Performance_Employee` (performances_id, employees_id) VALUES (4, 32);
INSERT INTO `Performance_Employee` (performances_id, employees_id) VALUES (4, 33);
INSERT INTO `Performance_Employee` (performances_id, employees_id) VALUES (4, 34);
INSERT INTO `Performance_Employee` (performances_id, employees_id) VALUES (4, 35);
INSERT INTO `Performance_Employee` (performances_id, employees_id) VALUES (4, 36);
INSERT INTO `Performance_Employee` (performances_id, employees_id) VALUES (4, 37);
INSERT INTO `Performance_Employee` (performances_id, employees_id) VALUES (4, 38);
INSERT INTO `Performance_Employee` (performances_id, employees_id) VALUES (4, 48);
INSERT INTO `Performance_Employee` (performances_id, employees_id) VALUES (4, 53);
INSERT INTO `Performance_Employee` (performances_id, employees_id) VALUES (4, 54);
INSERT INTO `Performance_Employee` (performances_id, employees_id) VALUES (4, 55);
INSERT INTO `Performance_Employee` (performances_id, employees_id) VALUES (4, 56);
INSERT INTO `Performance_Employee` (performances_id, employees_id) VALUES (4, 57);
INSERT INTO `Performance_Employee` (performances_id, employees_id) VALUES (4, 58);
INSERT INTO `Performance_Employee` (performances_id, employees_id) VALUES (4, 59);
INSERT INTO `Performance_Employee` (performances_id, employees_id) VALUES (4, 60);
INSERT INTO `Performance_Employee` (performances_id, employees_id) VALUES (4, 61);
INSERT INTO `Performance_Employee` (performances_id, employees_id) VALUES (4, 64);
INSERT INTO `Performance_Employee` (performances_id, employees_id) VALUES (4, 71);
INSERT INTO `Performance_Employee` (performances_id, employees_id) VALUES (4, 72);
INSERT INTO `Performance_Employee` (performances_id, employees_id) VALUES (4, 73);
INSERT INTO `Performance_Employee` (performances_id, employees_id) VALUES (4, 74);
INSERT INTO `Performance_Employee` (performances_id, employees_id) VALUES (4, 75);
INSERT INTO `Performance_Employee` (performances_id, employees_id) VALUES (4, 78);
INSERT INTO `Performance_Employee` (performances_id, employees_id) VALUES (4, 86);
INSERT INTO `Performance_Employee` (performances_id, employees_id) VALUES (4, 87);
INSERT INTO `Performance_Employee` (performances_id, employees_id) VALUES (4, 88);
INSERT INTO `Performance_Employee` (performances_id, employees_id) VALUES (4, 96);
INSERT INTO `Performance_Employee` (performances_id, employees_id) VALUES (4, 97);
INSERT INTO `Performance_Employee` (performances_id, employees_id) VALUES (4, 104);
INSERT INTO `Performance_Employee` (performances_id, employees_id) VALUES (4, 108);
INSERT INTO `Performance_Employee` (performances_id, employees_id) VALUES (4, 110);
INSERT INTO `Performance_Employee` (performances_id, employees_id) VALUES (4, 114);
INSERT INTO `Performance_Employee` (performances_id, employees_id) VALUES (4, 115);
INSERT INTO `Performance_Employee` (performances_id, employees_id) VALUES (4, 119);
INSERT INTO `Performance_Employee` (performances_id, employees_id) VALUES (4, 127);
INSERT INTO `Performance_Employee` (performances_id, employees_id) VALUES (4, 129);
INSERT INTO `Performance_Employee` (performances_id, employees_id) VALUES (4, 133);
INSERT INTO `Performance_Employee` (performances_id, employees_id) VALUES (4, 134);
INSERT INTO `Performance_Employee` (performances_id, employees_id) VALUES (4, 138);
INSERT INTO `Performance_Employee` (performances_id, employees_id) VALUES (4, 168);
INSERT INTO `Performance_Employee` (performances_id, employees_id) VALUES (4, 209);
INSERT INTO `Performance_Employee` (performances_id, employees_id) VALUES (4, 210);
INSERT INTO `Performance_Employee` (performances_id, employees_id) VALUES (4, 211);
INSERT INTO `Performance_Employee` (performances_id, employees_id) VALUES (4, 212);
INSERT INTO `Performance_Employee` (performances_id, employees_id) VALUES (4, 213);
INSERT INTO `Performance_Employee` (performances_id, employees_id) VALUES (4, 214);
INSERT INTO `Performance_Employee` (performances_id, employees_id) VALUES (4, 215);
INSERT INTO `Performance_Employee` (performances_id, employees_id) VALUES (4, 216);
INSERT INTO `Performance_Employee` (performances_id, employees_id) VALUES (4, 217);
INSERT INTO `Performance_Employee` (performances_id, employees_id) VALUES (4, 218);
INSERT INTO `Performance_Employee` (performances_id, employees_id) VALUES (4, 219);
INSERT INTO `Performance_Employee` (performances_id, employees_id) VALUES (4, 220);
INSERT INTO `Performance_Employee` (performances_id, employees_id) VALUES (4, 221);
INSERT INTO `Performance_Employee` (performances_id, employees_id) VALUES (4, 222);
INSERT INTO `Performance_Employee` (performances_id, employees_id) VALUES (4, 223);
INSERT INTO `Performance_Employee` (performances_id, employees_id) VALUES (4, 392);
INSERT INTO `Performance_Employee` (performances_id, employees_id) VALUES (4, 393);
INSERT INTO `Performance_Employee` (performances_id, employees_id) VALUES (4, 394);
INSERT INTO `Performance_Employee` (performances_id, employees_id) VALUES (4, 395);
INSERT INTO `Performance_Employee` (performances_id, employees_id) VALUES (4, 396);
INSERT INTO `Performance_Employee` (performances_id, employees_id) VALUES (4, 397);
INSERT INTO `Performance_Employee` (performances_id, employees_id) VALUES (4, 398);
INSERT INTO `Performance_Employee` (performances_id, employees_id) VALUES (4, 399);
INSERT INTO `Performance_Employee` (performances_id, employees_id) VALUES (4, 400);
INSERT INTO `Performance_Employee` (performances_id, employees_id) VALUES (4, 401);
INSERT INTO `Performance_Employee` (performances_id, employees_id) VALUES (4, 402);
INSERT INTO `Performance_Employee` (performances_id, employees_id) VALUES (4, 403);
INSERT INTO `Performance_Employee` (performances_id, employees_id) VALUES (4, 404);
INSERT INTO `Performance_Employee` (performances_id, employees_id) VALUES (4, 405);
INSERT INTO `Performance_Employee` (performances_id, employees_id) VALUES (4, 406);
INSERT INTO `Performance_Employee` (performances_id, employees_id) VALUES (4, 407);
INSERT INTO `Performance_Employee` (performances_id, employees_id) VALUES (4, 408);
INSERT INTO `Performance_Employee` (performances_id, employees_id) VALUES (4, 409);
INSERT INTO `Performance_Employee` (performances_id, employees_id) VALUES (4, 410);
INSERT INTO `Performance_Employee` (performances_id, employees_id) VALUES (4, 411);
INSERT INTO `Performance_Employee` (performances_id, employees_id) VALUES (4, 485);
INSERT INTO `Performance_Employee` (performances_id, employees_id) VALUES (4, 486);
INSERT INTO `Performance_Employee` (performances_id, employees_id) VALUES (4, 487);
INSERT INTO `Performance_Employee` (performances_id, employees_id) VALUES (5, 1);
INSERT INTO `Performance_Employee` (performances_id, employees_id) VALUES (5, 17);
INSERT INTO `Performance_Employee` (performances_id, employees_id) VALUES (5, 18);
INSERT INTO `Performance_Employee` (performances_id, employees_id) VALUES (5, 19);
INSERT INTO `Performance_Employee` (performances_id, employees_id) VALUES (5, 20);
INSERT INTO `Performance_Employee` (performances_id, employees_id) VALUES (5, 21);
INSERT INTO `Performance_Employee` (performances_id, employees_id) VALUES (5, 22);
INSERT INTO `Performance_Employee` (performances_id, employees_id) VALUES (5, 23);
INSERT INTO `Performance_Employee` (performances_id, employees_id) VALUES (5, 24);
INSERT INTO `Performance_Employee` (performances_id, employees_id) VALUES (5, 25);
INSERT INTO `Performance_Employee` (performances_id, employees_id) VALUES (5, 26);
INSERT INTO `Performance_Employee` (performances_id, employees_id) VALUES (5, 35);
INSERT INTO `Performance_Employee` (performances_id, employees_id) VALUES (5, 36);
INSERT INTO `Performance_Employee` (performances_id, employees_id) VALUES (5, 37);
INSERT INTO `Performance_Employee` (performances_id, employees_id) VALUES (5, 38);
INSERT INTO `Performance_Employee` (performances_id, employees_id) VALUES (5, 39);
INSERT INTO `Performance_Employee` (performances_id, employees_id) VALUES (5, 40);
INSERT INTO `Performance_Employee` (performances_id, employees_id) VALUES (5, 41);
INSERT INTO `Performance_Employee` (performances_id, employees_id) VALUES (5, 42);
INSERT INTO `Performance_Employee` (performances_id, employees_id) VALUES (5, 48);
INSERT INTO `Performance_Employee` (performances_id, employees_id) VALUES (5, 54);
INSERT INTO `Performance_Employee` (performances_id, employees_id) VALUES (5, 55);
INSERT INTO `Performance_Employee` (performances_id, employees_id) VALUES (5, 56);
INSERT INTO `Performance_Employee` (performances_id, employees_id) VALUES (5, 57);
INSERT INTO `Performance_Employee` (performances_id, employees_id) VALUES (5, 58);
INSERT INTO `Performance_Employee` (performances_id, employees_id) VALUES (5, 63);
INSERT INTO `Performance_Employee` (performances_id, employees_id) VALUES (5, 70);
INSERT INTO `Performance_Employee` (performances_id, employees_id) VALUES (5, 71);
INSERT INTO `Performance_Employee` (performances_id, employees_id) VALUES (5, 72);
INSERT INTO `Performance_Employee` (performances_id, employees_id) VALUES (5, 78);
INSERT INTO `Performance_Employee` (performances_id, employees_id) VALUES (5, 79);
INSERT INTO `Performance_Employee` (performances_id, employees_id) VALUES (5, 95);
INSERT INTO `Performance_Employee` (performances_id, employees_id) VALUES (5, 96);
INSERT INTO `Performance_Employee` (performances_id, employees_id) VALUES (5, 98);
INSERT INTO `Performance_Employee` (performances_id, employees_id) VALUES (5, 102);
INSERT INTO `Performance_Employee` (performances_id, employees_id) VALUES (5, 103);
INSERT INTO `Performance_Employee` (performances_id, employees_id) VALUES (5, 107);
INSERT INTO `Performance_Employee` (performances_id, employees_id) VALUES (5, 110);
INSERT INTO `Performance_Employee` (performances_id, employees_id) VALUES (5, 113);
INSERT INTO `Performance_Employee` (performances_id, employees_id) VALUES (5, 117);
INSERT INTO `Performance_Employee` (performances_id, employees_id) VALUES (5, 119);
INSERT INTO `Performance_Employee` (performances_id, employees_id) VALUES (5, 122);
INSERT INTO `Performance_Employee` (performances_id, employees_id) VALUES (5, 125);
INSERT INTO `Performance_Employee` (performances_id, employees_id) VALUES (5, 128);
INSERT INTO `Performance_Employee` (performances_id, employees_id) VALUES (5, 131);
INSERT INTO `Performance_Employee` (performances_id, employees_id) VALUES (5, 132);
INSERT INTO `Performance_Employee` (performances_id, employees_id) VALUES (5, 138);
INSERT INTO `Performance_Employee` (performances_id, employees_id) VALUES (5, 143);
INSERT INTO `Performance_Employee` (performances_id, employees_id) VALUES (5, 144);
INSERT INTO `Performance_Employee` (performances_id, employees_id) VALUES (5, 154);
INSERT INTO `Performance_Employee` (performances_id, employees_id) VALUES (5, 249);
INSERT INTO `Performance_Employee` (performances_id, employees_id) VALUES (5, 250);
INSERT INTO `Performance_Employee` (performances_id, employees_id) VALUES (5, 251);
INSERT INTO `Performance_Employee` (performances_id, employees_id) VALUES (5, 252);
INSERT INTO `Performance_Employee` (performances_id, employees_id) VALUES (5, 253);
INSERT INTO `Performance_Employee` (performances_id, employees_id) VALUES (5, 254);
INSERT INTO `Performance_Employee` (performances_id, employees_id) VALUES (5, 255);
INSERT INTO `Performance_Employee` (performances_id, employees_id) VALUES (5, 256);
INSERT INTO `Performance_Employee` (performances_id, employees_id) VALUES (5, 257);
INSERT INTO `Performance_Employee` (performances_id, employees_id) VALUES (5, 258);
INSERT INTO `Performance_Employee` (performances_id, employees_id) VALUES (5, 259);
INSERT INTO `Performance_Employee` (performances_id, employees_id) VALUES (5, 260);
INSERT INTO `Performance_Employee` (performances_id, employees_id) VALUES (5, 261);
INSERT INTO `Performance_Employee` (performances_id, employees_id) VALUES (5, 262);
INSERT INTO `Performance_Employee` (performances_id, employees_id) VALUES (5, 263);
INSERT INTO `Performance_Employee` (performances_id, employees_id) VALUES (5, 264);
INSERT INTO `Performance_Employee` (performances_id, employees_id) VALUES (5, 462);
INSERT INTO `Performance_Employee` (performances_id, employees_id) VALUES (5, 463);
INSERT INTO `Performance_Employee` (performances_id, employees_id) VALUES (5, 464);
INSERT INTO `Performance_Employee` (performances_id, employees_id) VALUES (5, 465);
INSERT INTO `Performance_Employee` (performances_id, employees_id) VALUES (5, 466);
INSERT INTO `Performance_Employee` (performances_id, employees_id) VALUES (5, 467);
INSERT INTO `Performance_Employee` (performances_id, employees_id) VALUES (5, 468);
INSERT INTO `Performance_Employee` (performances_id, employees_id) VALUES (5, 469);
INSERT INTO `Performance_Employee` (performances_id, employees_id) VALUES (5, 470);
INSERT INTO `Performance_Employee` (performances_id, employees_id) VALUES (5, 471);
INSERT INTO `Performance_Employee` (performances_id, employees_id) VALUES (5, 472);
INSERT INTO `Performance_Employee` (performances_id, employees_id) VALUES (5, 473);
INSERT INTO `Performance_Employee` (performances_id, employees_id) VALUES (5, 474);
INSERT INTO `Performance_Employee` (performances_id, employees_id) VALUES (5, 475);
INSERT INTO `Performance_Employee` (performances_id, employees_id) VALUES (5, 476);
INSERT INTO `Performance_Employee` (performances_id, employees_id) VALUES (5, 477);
INSERT INTO `Performance_Employee` (performances_id, employees_id) VALUES (5, 478);
INSERT INTO `Performance_Employee` (performances_id, employees_id) VALUES (5, 479);
INSERT INTO `Performance_Employee` (performances_id, employees_id) VALUES (5, 480);
INSERT INTO `Performance_Employee` (performances_id, employees_id) VALUES (5, 481);
INSERT INTO `Performance_Employee` (performances_id, employees_id) VALUES (5, 489);
INSERT INTO `Performance_Employee` (performances_id, employees_id) VALUES (5, 490);
INSERT INTO `Performance_Employee` (performances_id, employees_id) VALUES (6, 2);
INSERT INTO `Performance_Employee` (performances_id, employees_id) VALUES (6, 4);
INSERT INTO `Performance_Employee` (performances_id, employees_id) VALUES (6, 5);
INSERT INTO `Performance_Employee` (performances_id, employees_id) VALUES (6, 6);
INSERT INTO `Performance_Employee` (performances_id, employees_id) VALUES (6, 7);
INSERT INTO `Performance_Employee` (performances_id, employees_id) VALUES (6, 8);
INSERT INTO `Performance_Employee` (performances_id, employees_id) VALUES (6, 9);
INSERT INTO `Performance_Employee` (performances_id, employees_id) VALUES (6, 10);
INSERT INTO `Performance_Employee` (performances_id, employees_id) VALUES (6, 11);
INSERT INTO `Performance_Employee` (performances_id, employees_id) VALUES (6, 12);
INSERT INTO `Performance_Employee` (performances_id, employees_id) VALUES (6, 13);
INSERT INTO `Performance_Employee` (performances_id, employees_id) VALUES (6, 14);
INSERT INTO `Performance_Employee` (performances_id, employees_id) VALUES (6, 15);
INSERT INTO `Performance_Employee` (performances_id, employees_id) VALUES (6, 16);
INSERT INTO `Performance_Employee` (performances_id, employees_id) VALUES (6, 17);
INSERT INTO `Performance_Employee` (performances_id, employees_id) VALUES (6, 18);
INSERT INTO `Performance_Employee` (performances_id, employees_id) VALUES (6, 19);
INSERT INTO `Performance_Employee` (performances_id, employees_id) VALUES (6, 20);
INSERT INTO `Performance_Employee` (performances_id, employees_id) VALUES (6, 27);
INSERT INTO `Performance_Employee` (performances_id, employees_id) VALUES (6, 28);
INSERT INTO `Performance_Employee` (performances_id, employees_id) VALUES (6, 29);
INSERT INTO `Performance_Employee` (performances_id, employees_id) VALUES (6, 30);
INSERT INTO `Performance_Employee` (performances_id, employees_id) VALUES (6, 31);
INSERT INTO `Performance_Employee` (performances_id, employees_id) VALUES (6, 32);
INSERT INTO `Performance_Employee` (performances_id, employees_id) VALUES (6, 33);
INSERT INTO `Performance_Employee` (performances_id, employees_id) VALUES (6, 34);
INSERT INTO `Performance_Employee` (performances_id, employees_id) VALUES (6, 35);
INSERT INTO `Performance_Employee` (performances_id, employees_id) VALUES (6, 36);
INSERT INTO `Performance_Employee` (performances_id, employees_id) VALUES (6, 37);
INSERT INTO `Performance_Employee` (performances_id, employees_id) VALUES (6, 38);
INSERT INTO `Performance_Employee` (performances_id, employees_id) VALUES (6, 39);
INSERT INTO `Performance_Employee` (performances_id, employees_id) VALUES (6, 40);
INSERT INTO `Performance_Employee` (performances_id, employees_id) VALUES (6, 47);
INSERT INTO `Performance_Employee` (performances_id, employees_id) VALUES (6, 49);
INSERT INTO `Performance_Employee` (performances_id, employees_id) VALUES (6, 50);
INSERT INTO `Performance_Employee` (performances_id, employees_id) VALUES (6, 51);
INSERT INTO `Performance_Employee` (performances_id, employees_id) VALUES (6, 52);
INSERT INTO `Performance_Employee` (performances_id, employees_id) VALUES (6, 53);
INSERT INTO `Performance_Employee` (performances_id, employees_id) VALUES (6, 54);
INSERT INTO `Performance_Employee` (performances_id, employees_id) VALUES (6, 55);
INSERT INTO `Performance_Employee` (performances_id, employees_id) VALUES (6, 56);
INSERT INTO `Performance_Employee` (performances_id, employees_id) VALUES (6, 57);
INSERT INTO `Performance_Employee` (performances_id, employees_id) VALUES (6, 58);
INSERT INTO `Performance_Employee` (performances_id, employees_id) VALUES (6, 59);
INSERT INTO `Performance_Employee` (performances_id, employees_id) VALUES (6, 64);
INSERT INTO `Performance_Employee` (performances_id, employees_id) VALUES (6, 65);
INSERT INTO `Performance_Employee` (performances_id, employees_id) VALUES (6, 66);
INSERT INTO `Performance_Employee` (performances_id, employees_id) VALUES (6, 67);
INSERT INTO `Performance_Employee` (performances_id, employees_id) VALUES (6, 68);
INSERT INTO `Performance_Employee` (performances_id, employees_id) VALUES (6, 69);
INSERT INTO `Performance_Employee` (performances_id, employees_id) VALUES (6, 70);
INSERT INTO `Performance_Employee` (performances_id, employees_id) VALUES (6, 71);
INSERT INTO `Performance_Employee` (performances_id, employees_id) VALUES (6, 72);
INSERT INTO `Performance_Employee` (performances_id, employees_id) VALUES (6, 73);
INSERT INTO `Performance_Employee` (performances_id, employees_id) VALUES (6, 76);
INSERT INTO `Performance_Employee` (performances_id, employees_id) VALUES (6, 79);
INSERT INTO `Performance_Employee` (performances_id, employees_id) VALUES (6, 80);
INSERT INTO `Performance_Employee` (performances_id, employees_id) VALUES (6, 81);
INSERT INTO `Performance_Employee` (performances_id, employees_id) VALUES (6, 82);
INSERT INTO `Performance_Employee` (performances_id, employees_id) VALUES (6, 83);
INSERT INTO `Performance_Employee` (performances_id, employees_id) VALUES (6, 84);
INSERT INTO `Performance_Employee` (performances_id, employees_id) VALUES (6, 85);
INSERT INTO `Performance_Employee` (performances_id, employees_id) VALUES (6, 93);
INSERT INTO `Performance_Employee` (performances_id, employees_id) VALUES (6, 96);
INSERT INTO `Performance_Employee` (performances_id, employees_id) VALUES (6, 97);
INSERT INTO `Performance_Employee` (performances_id, employees_id) VALUES (6, 102);
INSERT INTO `Performance_Employee` (performances_id, employees_id) VALUES (6, 104);
INSERT INTO `Performance_Employee` (performances_id, employees_id) VALUES (6, 107);
INSERT INTO `Performance_Employee` (performances_id, employees_id) VALUES (6, 110);
INSERT INTO `Performance_Employee` (performances_id, employees_id) VALUES (6, 113);
INSERT INTO `Performance_Employee` (performances_id, employees_id) VALUES (6, 111);
INSERT INTO `Performance_Employee` (performances_id, employees_id) VALUES (6, 112);
INSERT INTO `Performance_Employee` (performances_id, employees_id) VALUES (6, 115);
INSERT INTO `Performance_Employee` (performances_id, employees_id) VALUES (6, 116);
INSERT INTO `Performance_Employee` (performances_id, employees_id) VALUES (6, 117);
INSERT INTO `Performance_Employee` (performances_id, employees_id) VALUES (6, 118);
INSERT INTO `Performance_Employee` (performances_id, employees_id) VALUES (6, 119);
INSERT INTO `Performance_Employee` (performances_id, employees_id) VALUES (6, 120);
INSERT INTO `Performance_Employee` (performances_id, employees_id) VALUES (6, 121);
INSERT INTO `Performance_Employee` (performances_id, employees_id) VALUES (6, 122);
INSERT INTO `Performance_Employee` (performances_id, employees_id) VALUES (6, 123);
INSERT INTO `Performance_Employee` (performances_id, employees_id) VALUES (6, 125);
INSERT INTO `Performance_Employee` (performances_id, employees_id) VALUES (6, 126);
INSERT INTO `Performance_Employee` (performances_id, employees_id) VALUES (6, 127);
INSERT INTO `Performance_Employee` (performances_id, employees_id) VALUES (6, 128);
INSERT INTO `Performance_Employee` (performances_id, employees_id) VALUES (6, 131);
INSERT INTO `Performance_Employee` (performances_id, employees_id) VALUES (6, 132);
INSERT INTO `Performance_Employee` (performances_id, employees_id) VALUES (6, 133);
INSERT INTO `Performance_Employee` (performances_id, employees_id) VALUES (6, 134);
INSERT INTO `Performance_Employee` (performances_id, employees_id) VALUES (6, 135);
INSERT INTO `Performance_Employee` (performances_id, employees_id) VALUES (6, 136);
INSERT INTO `Performance_Employee` (performances_id, employees_id) VALUES (6, 137);
INSERT INTO `Performance_Employee` (performances_id, employees_id) VALUES (6, 139);
INSERT INTO `Performance_Employee` (performances_id, employees_id) VALUES (6, 142);
INSERT INTO `Performance_Employee` (performances_id, employees_id) VALUES (6, 143);
INSERT INTO `Performance_Employee` (performances_id, employees_id) VALUES (6, 144);
INSERT INTO `Performance_Employee` (performances_id, employees_id) VALUES (6, 168);
INSERT INTO `Performance_Employee` (performances_id, employees_id) VALUES (6, 250);
INSERT INTO `Performance_Employee` (performances_id, employees_id) VALUES (6, 251);
INSERT INTO `Performance_Employee` (performances_id, employees_id) VALUES (6, 252);
INSERT INTO `Performance_Employee` (performances_id, employees_id) VALUES (6, 253);
INSERT INTO `Performance_Employee` (performances_id, employees_id) VALUES (6, 254);
INSERT INTO `Performance_Employee` (performances_id, employees_id) VALUES (6, 255);
INSERT INTO `Performance_Employee` (performances_id, employees_id) VALUES (6, 256);
INSERT INTO `Performance_Employee` (performances_id, employees_id) VALUES (6, 257);
INSERT INTO `Performance_Employee` (performances_id, employees_id) VALUES (6, 258);
INSERT INTO `Performance_Employee` (performances_id, employees_id) VALUES (6, 259);
INSERT INTO `Performance_Employee` (performances_id, employees_id) VALUES (6, 260);
INSERT INTO `Performance_Employee` (performances_id, employees_id) VALUES (6, 261);
INSERT INTO `Performance_Employee` (performances_id, employees_id) VALUES (6, 262);
INSERT INTO `Performance_Employee` (performances_id, employees_id) VALUES (6, 263);
INSERT INTO `Performance_Employee` (performances_id, employees_id) VALUES (6, 264);
INSERT INTO `Performance_Employee` (performances_id, employees_id) VALUES (6, 265);
INSERT INTO `Performance_Employee` (performances_id, employees_id) VALUES (6, 266);
INSERT INTO `Performance_Employee` (performances_id, employees_id) VALUES (6, 267);
INSERT INTO `Performance_Employee` (performances_id, employees_id) VALUES (6, 268);
INSERT INTO `Performance_Employee` (performances_id, employees_id) VALUES (6, 269);
INSERT INTO `Performance_Employee` (performances_id, employees_id) VALUES (6, 270);
INSERT INTO `Performance_Employee` (performances_id, employees_id) VALUES (6, 271);
INSERT INTO `Performance_Employee` (performances_id, employees_id) VALUES (6, 272);
INSERT INTO `Performance_Employee` (performances_id, employees_id) VALUES (6, 273);
INSERT INTO `Performance_Employee` (performances_id, employees_id) VALUES (6, 274);
INSERT INTO `Performance_Employee` (performances_id, employees_id) VALUES (6, 438);
INSERT INTO `Performance_Employee` (performances_id, employees_id) VALUES (6, 439);
INSERT INTO `Performance_Employee` (performances_id, employees_id) VALUES (6, 440);
INSERT INTO `Performance_Employee` (performances_id, employees_id) VALUES (6, 441);
INSERT INTO `Performance_Employee` (performances_id, employees_id) VALUES (6, 442);
INSERT INTO `Performance_Employee` (performances_id, employees_id) VALUES (6, 443);
INSERT INTO `Performance_Employee` (performances_id, employees_id) VALUES (6, 444);
INSERT INTO `Performance_Employee` (performances_id, employees_id) VALUES (6, 445);
INSERT INTO `Performance_Employee` (performances_id, employees_id) VALUES (6, 446);
INSERT INTO `Performance_Employee` (performances_id, employees_id) VALUES (6, 447);
INSERT INTO `Performance_Employee` (performances_id, employees_id) VALUES (6, 448);
INSERT INTO `Performance_Employee` (performances_id, employees_id) VALUES (6, 449);
INSERT INTO `Performance_Employee` (performances_id, employees_id) VALUES (6, 450);
INSERT INTO `Performance_Employee` (performances_id, employees_id) VALUES (6, 451);
INSERT INTO `Performance_Employee` (performances_id, employees_id) VALUES (6, 452);
INSERT INTO `Performance_Employee` (performances_id, employees_id) VALUES (6, 453);
INSERT INTO `Performance_Employee` (performances_id, employees_id) VALUES (6, 454);
INSERT INTO `Performance_Employee` (performances_id, employees_id) VALUES (6, 455);
INSERT INTO `Performance_Employee` (performances_id, employees_id) VALUES (6, 456);
INSERT INTO `Performance_Employee` (performances_id, employees_id) VALUES (6, 457);
INSERT INTO `Performance_Employee` (performances_id, employees_id) VALUES (6, 458);
INSERT INTO `Performance_Employee` (performances_id, employees_id) VALUES (6, 459);
INSERT INTO `Performance_Employee` (performances_id, employees_id) VALUES (6, 460);
INSERT INTO `Performance_Employee` (performances_id, employees_id) VALUES (6, 461);
INSERT INTO `Performance_Employee` (performances_id, employees_id) VALUES (6, 462);
INSERT INTO `Performance_Employee` (performances_id, employees_id) VALUES (6, 463);
INSERT INTO `Performance_Employee` (performances_id, employees_id) VALUES (6, 464);
INSERT INTO `Performance_Employee` (performances_id, employees_id) VALUES (6, 465);
INSERT INTO `Performance_Employee` (performances_id, employees_id) VALUES (6, 466);
INSERT INTO `Performance_Employee` (performances_id, employees_id) VALUES (6, 467);
INSERT INTO `Performance_Employee` (performances_id, employees_id) VALUES (6, 489);
INSERT INTO `Performance_Employee` (performances_id, employees_id) VALUES (6, 490);
INSERT INTO `Performance_Employee` (performances_id, employees_id) VALUES (6, 491);
INSERT INTO `Performance_Employee` (performances_id, employees_id) VALUES (6, 492);
INSERT INTO `Performance_Employee` (performances_id, employees_id) VALUES (6, 493);
INSERT INTO `Performance_Employee` (performances_id, employees_id) VALUES (7, 3);
INSERT INTO `Performance_Employee` (performances_id, employees_id) VALUES (7, 4);
INSERT INTO `Performance_Employee` (performances_id, employees_id) VALUES (7, 11);
INSERT INTO `Performance_Employee` (performances_id, employees_id) VALUES (7, 12);
INSERT INTO `Performance_Employee` (performances_id, employees_id) VALUES (7, 13);
INSERT INTO `Performance_Employee` (performances_id, employees_id) VALUES (7, 14);
INSERT INTO `Performance_Employee` (performances_id, employees_id) VALUES (7, 15);
INSERT INTO `Performance_Employee` (performances_id, employees_id) VALUES (7, 16);
INSERT INTO `Performance_Employee` (performances_id, employees_id) VALUES (7, 17);
INSERT INTO `Performance_Employee` (performances_id, employees_id) VALUES (7, 18);
INSERT INTO `Performance_Employee` (performances_id, employees_id) VALUES (7, 19);
INSERT INTO `Performance_Employee` (performances_id, employees_id) VALUES (7, 20);
INSERT INTO `Performance_Employee` (performances_id, employees_id) VALUES (7, 21);
INSERT INTO `Performance_Employee` (performances_id, employees_id) VALUES (7, 22);
INSERT INTO `Performance_Employee` (performances_id, employees_id) VALUES (7, 23);
INSERT INTO `Performance_Employee` (performances_id, employees_id) VALUES (7, 24);
INSERT INTO `Performance_Employee` (performances_id, employees_id) VALUES (7, 31);
INSERT INTO `Performance_Employee` (performances_id, employees_id) VALUES (7, 32);
INSERT INTO `Performance_Employee` (performances_id, employees_id) VALUES (7, 33);
INSERT INTO `Performance_Employee` (performances_id, employees_id) VALUES (7, 34);
INSERT INTO `Performance_Employee` (performances_id, employees_id) VALUES (7, 35);
INSERT INTO `Performance_Employee` (performances_id, employees_id) VALUES (7, 36);
INSERT INTO `Performance_Employee` (performances_id, employees_id) VALUES (7, 37);
INSERT INTO `Performance_Employee` (performances_id, employees_id) VALUES (7, 38);
INSERT INTO `Performance_Employee` (performances_id, employees_id) VALUES (7, 39);
INSERT INTO `Performance_Employee` (performances_id, employees_id) VALUES (7, 40);
INSERT INTO `Performance_Employee` (performances_id, employees_id) VALUES (7, 41);
INSERT INTO `Performance_Employee` (performances_id, employees_id) VALUES (7, 42);
INSERT INTO `Performance_Employee` (performances_id, employees_id) VALUES (7, 43);
INSERT INTO `Performance_Employee` (performances_id, employees_id) VALUES (7, 44);
INSERT INTO `Performance_Employee` (performances_id, employees_id) VALUES (7, 48);
INSERT INTO `Performance_Employee` (performances_id, employees_id) VALUES (7, 51);
INSERT INTO `Performance_Employee` (performances_id, employees_id) VALUES (7, 52);
INSERT INTO `Performance_Employee` (performances_id, employees_id) VALUES (7, 53);
INSERT INTO `Performance_Employee` (performances_id, employees_id) VALUES (7, 54);
INSERT INTO `Performance_Employee` (performances_id, employees_id) VALUES (7, 55);
INSERT INTO `Performance_Employee` (performances_id, employees_id) VALUES (7, 56);
INSERT INTO `Performance_Employee` (performances_id, employees_id) VALUES (7, 57);
INSERT INTO `Performance_Employee` (performances_id, employees_id) VALUES (7, 58);
INSERT INTO `Performance_Employee` (performances_id, employees_id) VALUES (7, 59);
INSERT INTO `Performance_Employee` (performances_id, employees_id) VALUES (7, 60);
INSERT INTO `Performance_Employee` (performances_id, employees_id) VALUES (7, 61);
INSERT INTO `Performance_Employee` (performances_id, employees_id) VALUES (7, 64);
INSERT INTO `Performance_Employee` (performances_id, employees_id) VALUES (7, 65);
INSERT INTO `Performance_Employee` (performances_id, employees_id) VALUES (7, 66);
INSERT INTO `Performance_Employee` (performances_id, employees_id) VALUES (7, 67);
INSERT INTO `Performance_Employee` (performances_id, employees_id) VALUES (7, 68);
INSERT INTO `Performance_Employee` (performances_id, employees_id) VALUES (7, 69);
INSERT INTO `Performance_Employee` (performances_id, employees_id) VALUES (7, 70);
INSERT INTO `Performance_Employee` (performances_id, employees_id) VALUES (7, 71);
INSERT INTO `Performance_Employee` (performances_id, employees_id) VALUES (7, 72);
INSERT INTO `Performance_Employee` (performances_id, employees_id) VALUES (7, 73);
INSERT INTO `Performance_Employee` (performances_id, employees_id) VALUES (7, 78);
INSERT INTO `Performance_Employee` (performances_id, employees_id) VALUES (7, 79);
INSERT INTO `Performance_Employee` (performances_id, employees_id) VALUES (7, 80);
INSERT INTO `Performance_Employee` (performances_id, employees_id) VALUES (7, 81);
INSERT INTO `Performance_Employee` (performances_id, employees_id) VALUES (7, 82);
INSERT INTO `Performance_Employee` (performances_id, employees_id) VALUES (7, 83);
INSERT INTO `Performance_Employee` (performances_id, employees_id) VALUES (7, 84);
INSERT INTO `Performance_Employee` (performances_id, employees_id) VALUES (7, 85);
INSERT INTO `Performance_Employee` (performances_id, employees_id) VALUES (7, 89);
INSERT INTO `Performance_Employee` (performances_id, employees_id) VALUES (7, 90);
INSERT INTO `Performance_Employee` (performances_id, employees_id) VALUES (7, 91);
INSERT INTO `Performance_Employee` (performances_id, employees_id) VALUES (7, 92);
INSERT INTO `Performance_Employee` (performances_id, employees_id) VALUES (7, 93);
INSERT INTO `Performance_Employee` (performances_id, employees_id) VALUES (7, 94);
INSERT INTO `Performance_Employee` (performances_id, employees_id) VALUES (7, 98);
INSERT INTO `Performance_Employee` (performances_id, employees_id) VALUES (7, 99);
INSERT INTO `Performance_Employee` (performances_id, employees_id) VALUES (7, 100);
INSERT INTO `Performance_Employee` (performances_id, employees_id) VALUES (7, 101);
INSERT INTO `Performance_Employee` (performances_id, employees_id) VALUES (7, 104);
INSERT INTO `Performance_Employee` (performances_id, employees_id) VALUES (7, 105);
INSERT INTO `Performance_Employee` (performances_id, employees_id) VALUES (7, 106);
INSERT INTO `Performance_Employee` (performances_id, employees_id) VALUES (7, 107);
INSERT INTO `Performance_Employee` (performances_id, employees_id) VALUES (7, 110);
INSERT INTO `Performance_Employee` (performances_id, employees_id) VALUES (7, 111);
INSERT INTO `Performance_Employee` (performances_id, employees_id) VALUES (7, 112);
INSERT INTO `Performance_Employee` (performances_id, employees_id) VALUES (7, 113);
INSERT INTO `Performance_Employee` (performances_id, employees_id) VALUES (7, 116);
INSERT INTO `Performance_Employee` (performances_id, employees_id) VALUES (7, 117);
INSERT INTO `Performance_Employee` (performances_id, employees_id) VALUES (7, 118);
INSERT INTO `Performance_Employee` (performances_id, employees_id) VALUES (7, 119);
INSERT INTO `Performance_Employee` (performances_id, employees_id) VALUES (7, 120);
INSERT INTO `Performance_Employee` (performances_id, employees_id) VALUES (7, 121);
INSERT INTO `Performance_Employee` (performances_id, employees_id) VALUES (7, 122);
INSERT INTO `Performance_Employee` (performances_id, employees_id) VALUES (7, 123);
INSERT INTO `Performance_Employee` (performances_id, employees_id) VALUES (7, 124);
INSERT INTO `Performance_Employee` (performances_id, employees_id) VALUES (7, 126);
INSERT INTO `Performance_Employee` (performances_id, employees_id) VALUES (7, 127);
INSERT INTO `Performance_Employee` (performances_id, employees_id) VALUES (7, 128);
INSERT INTO `Performance_Employee` (performances_id, employees_id) VALUES (7, 129);
INSERT INTO `Performance_Employee` (performances_id, employees_id) VALUES (7, 130);
INSERT INTO `Performance_Employee` (performances_id, employees_id) VALUES (7, 131);
INSERT INTO `Performance_Employee` (performances_id, employees_id) VALUES (7, 133);
INSERT INTO `Performance_Employee` (performances_id, employees_id) VALUES (7, 134);
INSERT INTO `Performance_Employee` (performances_id, employees_id) VALUES (7, 135);
INSERT INTO `Performance_Employee` (performances_id, employees_id) VALUES (7, 136);
INSERT INTO `Performance_Employee` (performances_id, employees_id) VALUES (7, 137);
INSERT INTO `Performance_Employee` (performances_id, employees_id) VALUES (7, 138);
INSERT INTO `Performance_Employee` (performances_id, employees_id) VALUES (7, 141);
INSERT INTO `Performance_Employee` (performances_id, employees_id) VALUES (7, 142);
INSERT INTO `Performance_Employee` (performances_id, employees_id) VALUES (7, 143);
INSERT INTO `Performance_Employee` (performances_id, employees_id) VALUES (7, 144);
INSERT INTO `Performance_Employee` (performances_id, employees_id) VALUES (7, 173);
INSERT INTO `Performance_Employee` (performances_id, employees_id) VALUES (7, 219);
INSERT INTO `Performance_Employee` (performances_id, employees_id) VALUES (7, 220);
INSERT INTO `Performance_Employee` (performances_id, employees_id) VALUES (7, 221);
INSERT INTO `Performance_Employee` (performances_id, employees_id) VALUES (7, 222);
INSERT INTO `Performance_Employee` (performances_id, employees_id) VALUES (7, 223);
INSERT INTO `Performance_Employee` (performances_id, employees_id) VALUES (7, 224);
INSERT INTO `Performance_Employee` (performances_id, employees_id) VALUES (7, 225);
INSERT INTO `Performance_Employee` (performances_id, employees_id) VALUES (7, 226);
INSERT INTO `Performance_Employee` (performances_id, employees_id) VALUES (7, 227);
INSERT INTO `Performance_Employee` (performances_id, employees_id) VALUES (7, 228);
INSERT INTO `Performance_Employee` (performances_id, employees_id) VALUES (7, 229);
INSERT INTO `Performance_Employee` (performances_id, employees_id) VALUES (7, 230);
INSERT INTO `Performance_Employee` (performances_id, employees_id) VALUES (7, 231);
INSERT INTO `Performance_Employee` (performances_id, employees_id) VALUES (7, 232);
INSERT INTO `Performance_Employee` (performances_id, employees_id) VALUES (7, 233);
INSERT INTO `Performance_Employee` (performances_id, employees_id) VALUES (7, 234);
INSERT INTO `Performance_Employee` (performances_id, employees_id) VALUES (7, 235);
INSERT INTO `Performance_Employee` (performances_id, employees_id) VALUES (7, 236);
INSERT INTO `Performance_Employee` (performances_id, employees_id) VALUES (7, 237);
INSERT INTO `Performance_Employee` (performances_id, employees_id) VALUES (7, 238);
INSERT INTO `Performance_Employee` (performances_id, employees_id) VALUES (7, 239);
INSERT INTO `Performance_Employee` (performances_id, employees_id) VALUES (7, 240);
INSERT INTO `Performance_Employee` (performances_id, employees_id) VALUES (7, 241);
INSERT INTO `Performance_Employee` (performances_id, employees_id) VALUES (7, 242);
INSERT INTO `Performance_Employee` (performances_id, employees_id) VALUES (7, 243);
INSERT INTO `Performance_Employee` (performances_id, employees_id) VALUES (7, 409);
INSERT INTO `Performance_Employee` (performances_id, employees_id) VALUES (7, 410);
INSERT INTO `Performance_Employee` (performances_id, employees_id) VALUES (7, 411);
INSERT INTO `Performance_Employee` (performances_id, employees_id) VALUES (7, 412);
INSERT INTO `Performance_Employee` (performances_id, employees_id) VALUES (7, 413);
INSERT INTO `Performance_Employee` (performances_id, employees_id) VALUES (7, 414);
INSERT INTO `Performance_Employee` (performances_id, employees_id) VALUES (7, 415);
INSERT INTO `Performance_Employee` (performances_id, employees_id) VALUES (7, 416);
INSERT INTO `Performance_Employee` (performances_id, employees_id) VALUES (7, 417);
INSERT INTO `Performance_Employee` (performances_id, employees_id) VALUES (7, 418);
INSERT INTO `Performance_Employee` (performances_id, employees_id) VALUES (7, 419);
INSERT INTO `Performance_Employee` (performances_id, employees_id) VALUES (7, 420);
INSERT INTO `Performance_Employee` (performances_id, employees_id) VALUES (7, 421);
INSERT INTO `Performance_Employee` (performances_id, employees_id) VALUES (7, 422);
INSERT INTO `Performance_Employee` (performances_id, employees_id) VALUES (7, 423);
INSERT INTO `Performance_Employee` (performances_id, employees_id) VALUES (7, 424);
INSERT INTO `Performance_Employee` (performances_id, employees_id) VALUES (7, 425);
INSERT INTO `Performance_Employee` (performances_id, employees_id) VALUES (7, 426);
INSERT INTO `Performance_Employee` (performances_id, employees_id) VALUES (7, 427);
INSERT INTO `Performance_Employee` (performances_id, employees_id) VALUES (7, 428);
INSERT INTO `Performance_Employee` (performances_id, employees_id) VALUES (7, 429);
INSERT INTO `Performance_Employee` (performances_id, employees_id) VALUES (7, 430);
INSERT INTO `Performance_Employee` (performances_id, employees_id) VALUES (7, 431);
INSERT INTO `Performance_Employee` (performances_id, employees_id) VALUES (7, 432);
INSERT INTO `Performance_Employee` (performances_id, employees_id) VALUES (7, 433);
INSERT INTO `Performance_Employee` (performances_id, employees_id) VALUES (7, 434);
INSERT INTO `Performance_Employee` (performances_id, employees_id) VALUES (7, 435);
INSERT INTO `Performance_Employee` (performances_id, employees_id) VALUES (7, 436);
INSERT INTO `Performance_Employee` (performances_id, employees_id) VALUES (7, 437);
INSERT INTO `Performance_Employee` (performances_id, employees_id) VALUES (7, 438);
INSERT INTO `Performance_Employee` (performances_id, employees_id) VALUES (7, 439);
INSERT INTO `Performance_Employee` (performances_id, employees_id) VALUES (7, 440);
INSERT INTO `Performance_Employee` (performances_id, employees_id) VALUES (7, 441);
INSERT INTO `Performance_Employee` (performances_id, employees_id) VALUES (7, 442);
INSERT INTO `Performance_Employee` (performances_id, employees_id) VALUES (7, 443);
INSERT INTO `Performance_Employee` (performances_id, employees_id) VALUES (7, 444);
INSERT INTO `Performance_Employee` (performances_id, employees_id) VALUES (7, 445);
INSERT INTO `Performance_Employee` (performances_id, employees_id) VALUES (7, 446);
INSERT INTO `Performance_Employee` (performances_id, employees_id) VALUES (7, 447);
INSERT INTO `Performance_Employee` (performances_id, employees_id) VALUES (7, 448);
INSERT INTO `Performance_Employee` (performances_id, employees_id) VALUES (7, 449);
INSERT INTO `Performance_Employee` (performances_id, employees_id) VALUES (7, 450);
INSERT INTO `Performance_Employee` (performances_id, employees_id) VALUES (7, 451);
INSERT INTO `Performance_Employee` (performances_id, employees_id) VALUES (7, 452);
INSERT INTO `Performance_Employee` (performances_id, employees_id) VALUES (7, 453);
INSERT INTO `Performance_Employee` (performances_id, employees_id) VALUES (7, 454);
INSERT INTO `Performance_Employee` (performances_id, employees_id) VALUES (7, 455);
INSERT INTO `Performance_Employee` (performances_id, employees_id) VALUES (7, 456);
INSERT INTO `Performance_Employee` (performances_id, employees_id) VALUES (7, 457);
INSERT INTO `Performance_Employee` (performances_id, employees_id) VALUES (7, 458);
INSERT INTO `Performance_Employee` (performances_id, employees_id) VALUES (7, 459);
INSERT INTO `Performance_Employee` (performances_id, employees_id) VALUES (7, 460);
INSERT INTO `Performance_Employee` (performances_id, employees_id) VALUES (7, 461);
INSERT INTO `Performance_Employee` (performances_id, employees_id) VALUES (7, 462);
INSERT INTO `Performance_Employee` (performances_id, employees_id) VALUES (7, 463);
INSERT INTO `Performance_Employee` (performances_id, employees_id) VALUES (7, 464);
INSERT INTO `Performance_Employee` (performances_id, employees_id) VALUES (7, 465);
INSERT INTO `Performance_Employee` (performances_id, employees_id) VALUES (7, 466);
INSERT INTO `Performance_Employee` (performances_id, employees_id) VALUES (7, 467);
INSERT INTO `Performance_Employee` (performances_id, employees_id) VALUES (7, 468);
INSERT INTO `Performance_Employee` (performances_id, employees_id) VALUES (7, 469);
INSERT INTO `Performance_Employee` (performances_id, employees_id) VALUES (7, 470);
INSERT INTO `Performance_Employee` (performances_id, employees_id) VALUES (7, 471);
INSERT INTO `Performance_Employee` (performances_id, employees_id) VALUES (7, 472);
INSERT INTO `Performance_Employee` (performances_id, employees_id) VALUES (7, 473);
INSERT INTO `Performance_Employee` (performances_id, employees_id) VALUES (7, 474);
INSERT INTO `Performance_Employee` (performances_id, employees_id) VALUES (7, 475);
INSERT INTO `Performance_Employee` (performances_id, employees_id) VALUES (7, 476);
INSERT INTO `Performance_Employee` (performances_id, employees_id) VALUES (7, 477);
INSERT INTO `Performance_Employee` (performances_id, employees_id) VALUES (7, 478);
INSERT INTO `Performance_Employee` (performances_id, employees_id) VALUES (7, 479);
INSERT INTO `Performance_Employee` (performances_id, employees_id) VALUES (7, 480);
INSERT INTO `Performance_Employee` (performances_id, employees_id) VALUES (7, 481);
INSERT INTO `Performance_Employee` (performances_id, employees_id) VALUES (7, 482);
INSERT INTO `Performance_Employee` (performances_id, employees_id) VALUES (7, 483);
INSERT INTO `Performance_Employee` (performances_id, employees_id) VALUES (7, 484);
INSERT INTO `Performance_Employee` (performances_id, employees_id) VALUES (7, 488);
INSERT INTO `Performance_Employee` (performances_id, employees_id) VALUES (7, 489);
INSERT INTO `Performance_Employee` (performances_id, employees_id) VALUES (7, 490);
INSERT INTO `Performance_Employee` (performances_id, employees_id) VALUES (7, 491);
INSERT INTO `Performance_Employee` (performances_id, employees_id) VALUES (7, 492);
INSERT INTO `Performance_Employee` (performances_id, employees_id) VALUES (8, 2);
INSERT INTO `Performance_Employee` (performances_id, employees_id) VALUES (8, 3);
INSERT INTO `Performance_Employee` (performances_id, employees_id) VALUES (8, 9);
INSERT INTO `Performance_Employee` (performances_id, employees_id) VALUES (8, 10);
INSERT INTO `Performance_Employee` (performances_id, employees_id) VALUES (8, 11);
INSERT INTO `Performance_Employee` (performances_id, employees_id) VALUES (8, 12);
INSERT INTO `Performance_Employee` (performances_id, employees_id) VALUES (8, 13);
INSERT INTO `Performance_Employee` (performances_id, employees_id) VALUES (8, 14);
INSERT INTO `Performance_Employee` (performances_id, employees_id) VALUES (8, 15);
INSERT INTO `Performance_Employee` (performances_id, employees_id) VALUES (8, 16);
INSERT INTO `Performance_Employee` (performances_id, employees_id) VALUES (8, 17);
INSERT INTO `Performance_Employee` (performances_id, employees_id) VALUES (8, 18);
INSERT INTO `Performance_Employee` (performances_id, employees_id) VALUES (8, 19);
INSERT INTO `Performance_Employee` (performances_id, employees_id) VALUES (8, 20);
INSERT INTO `Performance_Employee` (performances_id, employees_id) VALUES (8, 21);
INSERT INTO `Performance_Employee` (performances_id, employees_id) VALUES (8, 22);
INSERT INTO `Performance_Employee` (performances_id, employees_id) VALUES (8, 30);
INSERT INTO `Performance_Employee` (performances_id, employees_id) VALUES (8, 31);
INSERT INTO `Performance_Employee` (performances_id, employees_id) VALUES (8, 32);
INSERT INTO `Performance_Employee` (performances_id, employees_id) VALUES (8, 33);
INSERT INTO `Performance_Employee` (performances_id, employees_id) VALUES (8, 34);
INSERT INTO `Performance_Employee` (performances_id, employees_id) VALUES (8, 35);
INSERT INTO `Performance_Employee` (performances_id, employees_id) VALUES (8, 36);
INSERT INTO `Performance_Employee` (performances_id, employees_id) VALUES (8, 37);
INSERT INTO `Performance_Employee` (performances_id, employees_id) VALUES (8, 38);
INSERT INTO `Performance_Employee` (performances_id, employees_id) VALUES (8, 39);
INSERT INTO `Performance_Employee` (performances_id, employees_id) VALUES (8, 40);
INSERT INTO `Performance_Employee` (performances_id, employees_id) VALUES (8, 41);
INSERT INTO `Performance_Employee` (performances_id, employees_id) VALUES (8, 47);
INSERT INTO `Performance_Employee` (performances_id, employees_id) VALUES (8, 52);
INSERT INTO `Performance_Employee` (performances_id, employees_id) VALUES (8, 53);
INSERT INTO `Performance_Employee` (performances_id, employees_id) VALUES (8, 54);
INSERT INTO `Performance_Employee` (performances_id, employees_id) VALUES (8, 55);
INSERT INTO `Performance_Employee` (performances_id, employees_id) VALUES (8, 56);
INSERT INTO `Performance_Employee` (performances_id, employees_id) VALUES (8, 57);
INSERT INTO `Performance_Employee` (performances_id, employees_id) VALUES (8, 58);
INSERT INTO `Performance_Employee` (performances_id, employees_id) VALUES (8, 59);
INSERT INTO `Performance_Employee` (performances_id, employees_id) VALUES (8, 60);
INSERT INTO `Performance_Employee` (performances_id, employees_id) VALUES (8, 62);
INSERT INTO `Performance_Employee` (performances_id, employees_id) VALUES (8, 69);
INSERT INTO `Performance_Employee` (performances_id, employees_id) VALUES (8, 70);
INSERT INTO `Performance_Employee` (performances_id, employees_id) VALUES (8, 71);
INSERT INTO `Performance_Employee` (performances_id, employees_id) VALUES (8, 72);
INSERT INTO `Performance_Employee` (performances_id, employees_id) VALUES (8, 73);
INSERT INTO `Performance_Employee` (performances_id, employees_id) VALUES (8, 74);
INSERT INTO `Performance_Employee` (performances_id, employees_id) VALUES (8, 75);
INSERT INTO `Performance_Employee` (performances_id, employees_id) VALUES (8, 77);
INSERT INTO `Performance_Employee` (performances_id, employees_id) VALUES (8, 82);
INSERT INTO `Performance_Employee` (performances_id, employees_id) VALUES (8, 83);
INSERT INTO `Performance_Employee` (performances_id, employees_id) VALUES (8, 84);
INSERT INTO `Performance_Employee` (performances_id, employees_id) VALUES (8, 85);
INSERT INTO `Performance_Employee` (performances_id, employees_id) VALUES (8, 86);
INSERT INTO `Performance_Employee` (performances_id, employees_id) VALUES (8, 87);
INSERT INTO `Performance_Employee` (performances_id, employees_id) VALUES (8, 88);
INSERT INTO `Performance_Employee` (performances_id, employees_id) VALUES (8, 89);
INSERT INTO `Performance_Employee` (performances_id, employees_id) VALUES (8, 90);
INSERT INTO `Performance_Employee` (performances_id, employees_id) VALUES (8, 93);
INSERT INTO `Performance_Employee` (performances_id, employees_id) VALUES (8, 94);
INSERT INTO `Performance_Employee` (performances_id, employees_id) VALUES (8, 95);
INSERT INTO `Performance_Employee` (performances_id, employees_id) VALUES (8, 96);
INSERT INTO `Performance_Employee` (performances_id, employees_id) VALUES (8, 97);
INSERT INTO `Performance_Employee` (performances_id, employees_id) VALUES (8, 98);
INSERT INTO `Performance_Employee` (performances_id, employees_id) VALUES (8, 99);
INSERT INTO `Performance_Employee` (performances_id, employees_id) VALUES (8, 100);
INSERT INTO `Performance_Employee` (performances_id, employees_id) VALUES (8, 105);
INSERT INTO `Performance_Employee` (performances_id, employees_id) VALUES (8, 106);
INSERT INTO `Performance_Employee` (performances_id, employees_id) VALUES (8, 107);
INSERT INTO `Performance_Employee` (performances_id, employees_id) VALUES (8, 108);
INSERT INTO `Performance_Employee` (performances_id, employees_id) VALUES (8, 109);
INSERT INTO `Performance_Employee` (performances_id, employees_id) VALUES (8, 110);
INSERT INTO `Performance_Employee` (performances_id, employees_id) VALUES (8, 111);
INSERT INTO `Performance_Employee` (performances_id, employees_id) VALUES (8, 112);
INSERT INTO `Performance_Employee` (performances_id, employees_id) VALUES (8, 115);
INSERT INTO `Performance_Employee` (performances_id, employees_id) VALUES (8, 117);
INSERT INTO `Performance_Employee` (performances_id, employees_id) VALUES (8, 118);
INSERT INTO `Performance_Employee` (performances_id, employees_id) VALUES (8, 119);
INSERT INTO `Performance_Employee` (performances_id, employees_id) VALUES (8, 120);
INSERT INTO `Performance_Employee` (performances_id, employees_id) VALUES (8, 121);
INSERT INTO `Performance_Employee` (performances_id, employees_id) VALUES (8, 122);
INSERT INTO `Performance_Employee` (performances_id, employees_id) VALUES (8, 123);
INSERT INTO `Performance_Employee` (performances_id, employees_id) VALUES (8, 124);
INSERT INTO `Performance_Employee` (performances_id, employees_id) VALUES (8, 126);
INSERT INTO `Performance_Employee` (performances_id, employees_id) VALUES (8, 127);
INSERT INTO `Performance_Employee` (performances_id, employees_id) VALUES (8, 128);
INSERT INTO `Performance_Employee` (performances_id, employees_id) VALUES (8, 129);
INSERT INTO `Performance_Employee` (performances_id, employees_id) VALUES (8, 130);
INSERT INTO `Performance_Employee` (performances_id, employees_id) VALUES (8, 131);
INSERT INTO `Performance_Employee` (performances_id, employees_id) VALUES (8, 133);
INSERT INTO `Performance_Employee` (performances_id, employees_id) VALUES (8, 134);
INSERT INTO `Performance_Employee` (performances_id, employees_id) VALUES (8, 135);
INSERT INTO `Performance_Employee` (performances_id, employees_id) VALUES (8, 136);
INSERT INTO `Performance_Employee` (performances_id, employees_id) VALUES (8, 137);
INSERT INTO `Performance_Employee` (performances_id, employees_id) VALUES (8, 139);
INSERT INTO `Performance_Employee` (performances_id, employees_id) VALUES (8, 140);
INSERT INTO `Performance_Employee` (performances_id, employees_id) VALUES (8, 141);
INSERT INTO `Performance_Employee` (performances_id, employees_id) VALUES (8, 142);
INSERT INTO `Performance_Employee` (performances_id, employees_id) VALUES (8, 143);
INSERT INTO `Performance_Employee` (performances_id, employees_id) VALUES (8, 174);
INSERT INTO `Performance_Employee` (performances_id, employees_id) VALUES (8, 362);
INSERT INTO `Performance_Employee` (performances_id, employees_id) VALUES (8, 363);
INSERT INTO `Performance_Employee` (performances_id, employees_id) VALUES (8, 364);
INSERT INTO `Performance_Employee` (performances_id, employees_id) VALUES (8, 365);
INSERT INTO `Performance_Employee` (performances_id, employees_id) VALUES (8, 366);
INSERT INTO `Performance_Employee` (performances_id, employees_id) VALUES (8, 367);
INSERT INTO `Performance_Employee` (performances_id, employees_id) VALUES (8, 368);
INSERT INTO `Performance_Employee` (performances_id, employees_id) VALUES (8, 369);
INSERT INTO `Performance_Employee` (performances_id, employees_id) VALUES (8, 370);
INSERT INTO `Performance_Employee` (performances_id, employees_id) VALUES (8, 371);
INSERT INTO `Performance_Employee` (performances_id, employees_id) VALUES (8, 372);
INSERT INTO `Performance_Employee` (performances_id, employees_id) VALUES (8, 373);
INSERT INTO `Performance_Employee` (performances_id, employees_id) VALUES (8, 374);
INSERT INTO `Performance_Employee` (performances_id, employees_id) VALUES (8, 375);
INSERT INTO `Performance_Employee` (performances_id, employees_id) VALUES (8, 376);
INSERT INTO `Performance_Employee` (performances_id, employees_id) VALUES (8, 377);
INSERT INTO `Performance_Employee` (performances_id, employees_id) VALUES (8, 378);
INSERT INTO `Performance_Employee` (performances_id, employees_id) VALUES (8, 379);
INSERT INTO `Performance_Employee` (performances_id, employees_id) VALUES (8, 380);
INSERT INTO `Performance_Employee` (performances_id, employees_id) VALUES (8, 381);
INSERT INTO `Performance_Employee` (performances_id, employees_id) VALUES (8, 382);
INSERT INTO `Performance_Employee` (performances_id, employees_id) VALUES (8, 383);
INSERT INTO `Performance_Employee` (performances_id, employees_id) VALUES (8, 384);
INSERT INTO `Performance_Employee` (performances_id, employees_id) VALUES (8, 385);
INSERT INTO `Performance_Employee` (performances_id, employees_id) VALUES (8, 386);
INSERT INTO `Performance_Employee` (performances_id, employees_id) VALUES (8, 387);
INSERT INTO `Performance_Employee` (performances_id, employees_id) VALUES (8, 388);
INSERT INTO `Performance_Employee` (performances_id, employees_id) VALUES (8, 389);
INSERT INTO `Performance_Employee` (performances_id, employees_id) VALUES (8, 390);
INSERT INTO `Performance_Employee` (performances_id, employees_id) VALUES (8, 391);
INSERT INTO `Performance_Employee` (performances_id, employees_id) VALUES (8, 406);
INSERT INTO `Performance_Employee` (performances_id, employees_id) VALUES (8, 407);
INSERT INTO `Performance_Employee` (performances_id, employees_id) VALUES (8, 408);
INSERT INTO `Performance_Employee` (performances_id, employees_id) VALUES (8, 409);
INSERT INTO `Performance_Employee` (performances_id, employees_id) VALUES (8, 410);
INSERT INTO `Performance_Employee` (performances_id, employees_id) VALUES (8, 411);
INSERT INTO `Performance_Employee` (performances_id, employees_id) VALUES (8, 412);
INSERT INTO `Performance_Employee` (performances_id, employees_id) VALUES (8, 413);
INSERT INTO `Performance_Employee` (performances_id, employees_id) VALUES (8, 414);
INSERT INTO `Performance_Employee` (performances_id, employees_id) VALUES (8, 415);
INSERT INTO `Performance_Employee` (performances_id, employees_id) VALUES (8, 416);
INSERT INTO `Performance_Employee` (performances_id, employees_id) VALUES (8, 417);
INSERT INTO `Performance_Employee` (performances_id, employees_id) VALUES (8, 418);
INSERT INTO `Performance_Employee` (performances_id, employees_id) VALUES (8, 419);
INSERT INTO `Performance_Employee` (performances_id, employees_id) VALUES (8, 420);
INSERT INTO `Performance_Employee` (performances_id, employees_id) VALUES (8, 421);
INSERT INTO `Performance_Employee` (performances_id, employees_id) VALUES (8, 422);
INSERT INTO `Performance_Employee` (performances_id, employees_id) VALUES (8, 423);
INSERT INTO `Performance_Employee` (performances_id, employees_id) VALUES (8, 424);
INSERT INTO `Performance_Employee` (performances_id, employees_id) VALUES (8, 425);
INSERT INTO `Performance_Employee` (performances_id, employees_id) VALUES (8, 426);
INSERT INTO `Performance_Employee` (performances_id, employees_id) VALUES (8, 427);
INSERT INTO `Performance_Employee` (performances_id, employees_id) VALUES (8, 428);
INSERT INTO `Performance_Employee` (performances_id, employees_id) VALUES (8, 429);
INSERT INTO `Performance_Employee` (performances_id, employees_id) VALUES (8, 430);
INSERT INTO `Performance_Employee` (performances_id, employees_id) VALUES (8, 492);
INSERT INTO `Performance_Employee` (performances_id, employees_id) VALUES (8, 493);
INSERT INTO `Performance_Employee` (performances_id, employees_id) VALUES (8, 494);
INSERT INTO `Performance_Employee` (performances_id, employees_id) VALUES (9, 2);
INSERT INTO `Performance_Employee` (performances_id, employees_id) VALUES (9, 9);
INSERT INTO `Performance_Employee` (performances_id, employees_id) VALUES (9, 10);
INSERT INTO `Performance_Employee` (performances_id, employees_id) VALUES (9, 11);
INSERT INTO `Performance_Employee` (performances_id, employees_id) VALUES (9, 12);
INSERT INTO `Performance_Employee` (performances_id, employees_id) VALUES (9, 13);
INSERT INTO `Performance_Employee` (performances_id, employees_id) VALUES (9, 14);
INSERT INTO `Performance_Employee` (performances_id, employees_id) VALUES (9, 15);
INSERT INTO `Performance_Employee` (performances_id, employees_id) VALUES (9, 16);
INSERT INTO `Performance_Employee` (performances_id, employees_id) VALUES (9, 17);
INSERT INTO `Performance_Employee` (performances_id, employees_id) VALUES (9, 18);
INSERT INTO `Performance_Employee` (performances_id, employees_id) VALUES (9, 19);
INSERT INTO `Performance_Employee` (performances_id, employees_id) VALUES (9, 20);
INSERT INTO `Performance_Employee` (performances_id, employees_id) VALUES (9, 21);
INSERT INTO `Performance_Employee` (performances_id, employees_id) VALUES (9, 22);
INSERT INTO `Performance_Employee` (performances_id, employees_id) VALUES (9, 23);
INSERT INTO `Performance_Employee` (performances_id, employees_id) VALUES (9, 28);
INSERT INTO `Performance_Employee` (performances_id, employees_id) VALUES (9, 29);
INSERT INTO `Performance_Employee` (performances_id, employees_id) VALUES (9, 30);
INSERT INTO `Performance_Employee` (performances_id, employees_id) VALUES (9, 31);
INSERT INTO `Performance_Employee` (performances_id, employees_id) VALUES (9, 32);
INSERT INTO `Performance_Employee` (performances_id, employees_id) VALUES (9, 33);
INSERT INTO `Performance_Employee` (performances_id, employees_id) VALUES (9, 34);
INSERT INTO `Performance_Employee` (performances_id, employees_id) VALUES (9, 35);
INSERT INTO `Performance_Employee` (performances_id, employees_id) VALUES (9, 36);
INSERT INTO `Performance_Employee` (performances_id, employees_id) VALUES (9, 37);
INSERT INTO `Performance_Employee` (performances_id, employees_id) VALUES (9, 38);
INSERT INTO `Performance_Employee` (performances_id, employees_id) VALUES (9, 39);
INSERT INTO `Performance_Employee` (performances_id, employees_id) VALUES (9, 40);
INSERT INTO `Performance_Employee` (performances_id, employees_id) VALUES (9, 41);
INSERT INTO `Performance_Employee` (performances_id, employees_id) VALUES (9, 48);
INSERT INTO `Performance_Employee` (performances_id, employees_id) VALUES (9, 49);
INSERT INTO `Performance_Employee` (performances_id, employees_id) VALUES (9, 50);
INSERT INTO `Performance_Employee` (performances_id, employees_id) VALUES (9, 51);
INSERT INTO `Performance_Employee` (performances_id, employees_id) VALUES (9, 52);
INSERT INTO `Performance_Employee` (performances_id, employees_id) VALUES (9, 53);
INSERT INTO `Performance_Employee` (performances_id, employees_id) VALUES (9, 54);
INSERT INTO `Performance_Employee` (performances_id, employees_id) VALUES (9, 55);
INSERT INTO `Performance_Employee` (performances_id, employees_id) VALUES (9, 56);
INSERT INTO `Performance_Employee` (performances_id, employees_id) VALUES (9, 57);
INSERT INTO `Performance_Employee` (performances_id, employees_id) VALUES (9, 58);
INSERT INTO `Performance_Employee` (performances_id, employees_id) VALUES (9, 59);
INSERT INTO `Performance_Employee` (performances_id, employees_id) VALUES (9, 64);
INSERT INTO `Performance_Employee` (performances_id, employees_id) VALUES (9, 65);
INSERT INTO `Performance_Employee` (performances_id, employees_id) VALUES (9, 66);
INSERT INTO `Performance_Employee` (performances_id, employees_id) VALUES (9, 67);
INSERT INTO `Performance_Employee` (performances_id, employees_id) VALUES (9, 68);
INSERT INTO `Performance_Employee` (performances_id, employees_id) VALUES (9, 69);
INSERT INTO `Performance_Employee` (performances_id, employees_id) VALUES (9, 70);
INSERT INTO `Performance_Employee` (performances_id, employees_id) VALUES (9, 71);
INSERT INTO `Performance_Employee` (performances_id, employees_id) VALUES (9, 72);
INSERT INTO `Performance_Employee` (performances_id, employees_id) VALUES (9, 73);
INSERT INTO `Performance_Employee` (performances_id, employees_id) VALUES (9, 77);
INSERT INTO `Performance_Employee` (performances_id, employees_id) VALUES (9, 81);
INSERT INTO `Performance_Employee` (performances_id, employees_id) VALUES (9, 82);
INSERT INTO `Performance_Employee` (performances_id, employees_id) VALUES (9, 83);
INSERT INTO `Performance_Employee` (performances_id, employees_id) VALUES (9, 84);
INSERT INTO `Performance_Employee` (performances_id, employees_id) VALUES (9, 85);
INSERT INTO `Performance_Employee` (performances_id, employees_id) VALUES (9, 86);
INSERT INTO `Performance_Employee` (performances_id, employees_id) VALUES (9, 87);
INSERT INTO `Performance_Employee` (performances_id, employees_id) VALUES (9, 89);
INSERT INTO `Performance_Employee` (performances_id, employees_id) VALUES (9, 90);
INSERT INTO `Performance_Employee` (performances_id, employees_id) VALUES (9, 91);
INSERT INTO `Performance_Employee` (performances_id, employees_id) VALUES (9, 92);
INSERT INTO `Performance_Employee` (performances_id, employees_id) VALUES (9, 93);
INSERT INTO `Performance_Employee` (performances_id, employees_id) VALUES (9, 94);
INSERT INTO `Performance_Employee` (performances_id, employees_id) VALUES (9, 99);
INSERT INTO `Performance_Employee` (performances_id, employees_id) VALUES (9, 100);
INSERT INTO `Performance_Employee` (performances_id, employees_id) VALUES (9, 101);
INSERT INTO `Performance_Employee` (performances_id, employees_id) VALUES (9, 102);
INSERT INTO `Performance_Employee` (performances_id, employees_id) VALUES (9, 104);
INSERT INTO `Performance_Employee` (performances_id, employees_id) VALUES (9, 105);
INSERT INTO `Performance_Employee` (performances_id, employees_id) VALUES (9, 106);
INSERT INTO `Performance_Employee` (performances_id, employees_id) VALUES (9, 107);
INSERT INTO `Performance_Employee` (performances_id, employees_id) VALUES (9, 110);
INSERT INTO `Performance_Employee` (performances_id, employees_id) VALUES (9, 111);
INSERT INTO `Performance_Employee` (performances_id, employees_id) VALUES (9, 112);
INSERT INTO `Performance_Employee` (performances_id, employees_id) VALUES (9, 113);
INSERT INTO `Performance_Employee` (performances_id, employees_id) VALUES (9, 117);
INSERT INTO `Performance_Employee` (performances_id, employees_id) VALUES (9, 118);
INSERT INTO `Performance_Employee` (performances_id, employees_id) VALUES (9, 119);
INSERT INTO `Performance_Employee` (performances_id, employees_id) VALUES (9, 120);
INSERT INTO `Performance_Employee` (performances_id, employees_id) VALUES (9, 121);
INSERT INTO `Performance_Employee` (performances_id, employees_id) VALUES (9, 122);
INSERT INTO `Performance_Employee` (performances_id, employees_id) VALUES (9, 127);
INSERT INTO `Performance_Employee` (performances_id, employees_id) VALUES (9, 128);
INSERT INTO `Performance_Employee` (performances_id, employees_id) VALUES (9, 129);
INSERT INTO `Performance_Employee` (performances_id, employees_id) VALUES (9, 130);
INSERT INTO `Performance_Employee` (performances_id, employees_id) VALUES (9, 132);
INSERT INTO `Performance_Employee` (performances_id, employees_id) VALUES (9, 133);
INSERT INTO `Performance_Employee` (performances_id, employees_id) VALUES (9, 134);
INSERT INTO `Performance_Employee` (performances_id, employees_id) VALUES (9, 135);
INSERT INTO `Performance_Employee` (performances_id, employees_id) VALUES (9, 137);
INSERT INTO `Performance_Employee` (performances_id, employees_id) VALUES (9, 138);
INSERT INTO `Performance_Employee` (performances_id, employees_id) VALUES (9, 141);
INSERT INTO `Performance_Employee` (performances_id, employees_id) VALUES (9, 142);
INSERT INTO `Performance_Employee` (performances_id, employees_id) VALUES (9, 179);
INSERT INTO `Performance_Employee` (performances_id, employees_id) VALUES (9, 233);
INSERT INTO `Performance_Employee` (performances_id, employees_id) VALUES (9, 234);
INSERT INTO `Performance_Employee` (performances_id, employees_id) VALUES (9, 235);
INSERT INTO `Performance_Employee` (performances_id, employees_id) VALUES (9, 236);
INSERT INTO `Performance_Employee` (performances_id, employees_id) VALUES (9, 237);
INSERT INTO `Performance_Employee` (performances_id, employees_id) VALUES (9, 238);
INSERT INTO `Performance_Employee` (performances_id, employees_id) VALUES (9, 239);
INSERT INTO `Performance_Employee` (performances_id, employees_id) VALUES (9, 240);
INSERT INTO `Performance_Employee` (performances_id, employees_id) VALUES (9, 241);
INSERT INTO `Performance_Employee` (performances_id, employees_id) VALUES (9, 242);
INSERT INTO `Performance_Employee` (performances_id, employees_id) VALUES (9, 243);
INSERT INTO `Performance_Employee` (performances_id, employees_id) VALUES (9, 244);
INSERT INTO `Performance_Employee` (performances_id, employees_id) VALUES (9, 245);
INSERT INTO `Performance_Employee` (performances_id, employees_id) VALUES (9, 246);
INSERT INTO `Performance_Employee` (performances_id, employees_id) VALUES (9, 247);
INSERT INTO `Performance_Employee` (performances_id, employees_id) VALUES (9, 248);
INSERT INTO `Performance_Employee` (performances_id, employees_id) VALUES (9, 249);
INSERT INTO `Performance_Employee` (performances_id, employees_id) VALUES (9, 250);
INSERT INTO `Performance_Employee` (performances_id, employees_id) VALUES (9, 251);
INSERT INTO `Performance_Employee` (performances_id, employees_id) VALUES (9, 252);
INSERT INTO `Performance_Employee` (performances_id, employees_id) VALUES (9, 456);
INSERT INTO `Performance_Employee` (performances_id, employees_id) VALUES (9, 457);
INSERT INTO `Performance_Employee` (performances_id, employees_id) VALUES (9, 458);
INSERT INTO `Performance_Employee` (performances_id, employees_id) VALUES (9, 459);
INSERT INTO `Performance_Employee` (performances_id, employees_id) VALUES (9, 460);
INSERT INTO `Performance_Employee` (performances_id, employees_id) VALUES (9, 461);
INSERT INTO `Performance_Employee` (performances_id, employees_id) VALUES (9, 462);
INSERT INTO `Performance_Employee` (performances_id, employees_id) VALUES (9, 463);
INSERT INTO `Performance_Employee` (performances_id, employees_id) VALUES (9, 464);
INSERT INTO `Performance_Employee` (performances_id, employees_id) VALUES (9, 465);
INSERT INTO `Performance_Employee` (performances_id, employees_id) VALUES (9, 466);
INSERT INTO `Performance_Employee` (performances_id, employees_id) VALUES (9, 467);
INSERT INTO `Performance_Employee` (performances_id, employees_id) VALUES (9, 468);
INSERT INTO `Performance_Employee` (performances_id, employees_id) VALUES (9, 469);
INSERT INTO `Performance_Employee` (performances_id, employees_id) VALUES (9, 470);
INSERT INTO `Performance_Employee` (performances_id, employees_id) VALUES (9, 471);
INSERT INTO `Performance_Employee` (performances_id, employees_id) VALUES (9, 472);
INSERT INTO `Performance_Employee` (performances_id, employees_id) VALUES (9, 473);
INSERT INTO `Performance_Employee` (performances_id, employees_id) VALUES (9, 474);
INSERT INTO `Performance_Employee` (performances_id, employees_id) VALUES (9, 475);
INSERT INTO `Performance_Employee` (performances_id, employees_id) VALUES (9, 476);
INSERT INTO `Performance_Employee` (performances_id, employees_id) VALUES (9, 477);
INSERT INTO `Performance_Employee` (performances_id, employees_id) VALUES (9, 478);
INSERT INTO `Performance_Employee` (performances_id, employees_id) VALUES (9, 479);
INSERT INTO `Performance_Employee` (performances_id, employees_id) VALUES (9, 480);
INSERT INTO `Performance_Employee` (performances_id, employees_id) VALUES (9, 481);
INSERT INTO `Performance_Employee` (performances_id, employees_id) VALUES (9, 482);
INSERT INTO `Performance_Employee` (performances_id, employees_id) VALUES (9, 483);
INSERT INTO `Performance_Employee` (performances_id, employees_id) VALUES (9, 484);
INSERT INTO `Performance_Employee` (performances_id, employees_id) VALUES (9, 485);
INSERT INTO `Performance_Employee` (performances_id, employees_id) VALUES (9, 486);
INSERT INTO `Performance_Employee` (performances_id, employees_id) VALUES (9, 487);
INSERT INTO `Performance_Employee` (performances_id, employees_id) VALUES (9, 488);
INSERT INTO `Performance_Employee` (performances_id, employees_id) VALUES (9, 489);
INSERT INTO `Performance_Employee` (performances_id, employees_id) VALUES (9, 490);
INSERT INTO `Performance_Employee` (performances_id, employees_id) VALUES (9, 491);
INSERT INTO `Performance_Employee` (performances_id, employees_id) VALUES (9, 492);
INSERT INTO `Performance_Employee` (performances_id, employees_id) VALUES (10, 4);
INSERT INTO `Performance_Employee` (performances_id, employees_id) VALUES (10, 5);
INSERT INTO `Performance_Employee` (performances_id, employees_id) VALUES (10, 6);
INSERT INTO `Performance_Employee` (performances_id, employees_id) VALUES (10, 7);
INSERT INTO `Performance_Employee` (performances_id, employees_id) VALUES (10, 8);
INSERT INTO `Performance_Employee` (performances_id, employees_id) VALUES (10, 9);
INSERT INTO `Performance_Employee` (performances_id, employees_id) VALUES (10, 10);
INSERT INTO `Performance_Employee` (performances_id, employees_id) VALUES (10, 11);
INSERT INTO `Performance_Employee` (performances_id, employees_id) VALUES (10, 12);
INSERT INTO `Performance_Employee` (performances_id, employees_id) VALUES (10, 13);
INSERT INTO `Performance_Employee` (performances_id, employees_id) VALUES (10, 14);
INSERT INTO `Performance_Employee` (performances_id, employees_id) VALUES (10, 15);
INSERT INTO `Performance_Employee` (performances_id, employees_id) VALUES (10, 16);
INSERT INTO `Performance_Employee` (performances_id, employees_id) VALUES (10, 17);
INSERT INTO `Performance_Employee` (performances_id, employees_id) VALUES (10, 18);
INSERT INTO `Performance_Employee` (performances_id, employees_id) VALUES (10, 19);
INSERT INTO `Performance_Employee` (performances_id, employees_id) VALUES (10, 32);
INSERT INTO `Performance_Employee` (performances_id, employees_id) VALUES (10, 33);
INSERT INTO `Performance_Employee` (performances_id, employees_id) VALUES (10, 34);
INSERT INTO `Performance_Employee` (performances_id, employees_id) VALUES (10, 35);
INSERT INTO `Performance_Employee` (performances_id, employees_id) VALUES (10, 36);
INSERT INTO `Performance_Employee` (performances_id, employees_id) VALUES (10, 37);
INSERT INTO `Performance_Employee` (performances_id, employees_id) VALUES (10, 38);
INSERT INTO `Performance_Employee` (performances_id, employees_id) VALUES (10, 39);
INSERT INTO `Performance_Employee` (performances_id, employees_id) VALUES (10, 40);
INSERT INTO `Performance_Employee` (performances_id, employees_id) VALUES (10, 41);
INSERT INTO `Performance_Employee` (performances_id, employees_id) VALUES (10, 42);
INSERT INTO `Performance_Employee` (performances_id, employees_id) VALUES (10, 43);
INSERT INTO `Performance_Employee` (performances_id, employees_id) VALUES (10, 44);
INSERT INTO `Performance_Employee` (performances_id, employees_id) VALUES (10, 45);
INSERT INTO `Performance_Employee` (performances_id, employees_id) VALUES (10, 47);
INSERT INTO `Performance_Employee` (performances_id, employees_id) VALUES (10, 49);
INSERT INTO `Performance_Employee` (performances_id, employees_id) VALUES (10, 50);
INSERT INTO `Performance_Employee` (performances_id, employees_id) VALUES (10, 51);
INSERT INTO `Performance_Employee` (performances_id, employees_id) VALUES (10, 52);
INSERT INTO `Performance_Employee` (performances_id, employees_id) VALUES (10, 53);
INSERT INTO `Performance_Employee` (performances_id, employees_id) VALUES (10, 54);
INSERT INTO `Performance_Employee` (performances_id, employees_id) VALUES (10, 55);
INSERT INTO `Performance_Employee` (performances_id, employees_id) VALUES (10, 56);
INSERT INTO `Performance_Employee` (performances_id, employees_id) VALUES (10, 57);
INSERT INTO `Performance_Employee` (performances_id, employees_id) VALUES (10, 58);
INSERT INTO `Performance_Employee` (performances_id, employees_id) VALUES (10, 63);
INSERT INTO `Performance_Employee` (performances_id, employees_id) VALUES (10, 65);
INSERT INTO `Performance_Employee` (performances_id, employees_id) VALUES (10, 66);
INSERT INTO `Performance_Employee` (performances_id, employees_id) VALUES (10, 67);
INSERT INTO `Performance_Employee` (performances_id, employees_id) VALUES (10, 68);
INSERT INTO `Performance_Employee` (performances_id, employees_id) VALUES (10, 69);
INSERT INTO `Performance_Employee` (performances_id, employees_id) VALUES (10, 70);
INSERT INTO `Performance_Employee` (performances_id, employees_id) VALUES (10, 71);
INSERT INTO `Performance_Employee` (performances_id, employees_id) VALUES (10, 72);
INSERT INTO `Performance_Employee` (performances_id, employees_id) VALUES (10, 73);
INSERT INTO `Performance_Employee` (performances_id, employees_id) VALUES (10, 76);
INSERT INTO `Performance_Employee` (performances_id, employees_id) VALUES (10, 79);
INSERT INTO `Performance_Employee` (performances_id, employees_id) VALUES (10, 80);
INSERT INTO `Performance_Employee` (performances_id, employees_id) VALUES (10, 81);
INSERT INTO `Performance_Employee` (performances_id, employees_id) VALUES (10, 82);
INSERT INTO `Performance_Employee` (performances_id, employees_id) VALUES (10, 83);
INSERT INTO `Performance_Employee` (performances_id, employees_id) VALUES (10, 84);
INSERT INTO `Performance_Employee` (performances_id, employees_id) VALUES (10, 85);
INSERT INTO `Performance_Employee` (performances_id, employees_id) VALUES (10, 90);
INSERT INTO `Performance_Employee` (performances_id, employees_id) VALUES (10, 92);
INSERT INTO `Performance_Employee` (performances_id, employees_id) VALUES (10, 93);
INSERT INTO `Performance_Employee` (performances_id, employees_id) VALUES (10, 99);
INSERT INTO `Performance_Employee` (performances_id, employees_id) VALUES (10, 100);
INSERT INTO `Performance_Employee` (performances_id, employees_id) VALUES (10, 105);
INSERT INTO `Performance_Employee` (performances_id, employees_id) VALUES (10, 106);
INSERT INTO `Performance_Employee` (performances_id, employees_id) VALUES (10, 111);
INSERT INTO `Performance_Employee` (performances_id, employees_id) VALUES (10, 112);
INSERT INTO `Performance_Employee` (performances_id, employees_id) VALUES (10, 116);
INSERT INTO `Performance_Employee` (performances_id, employees_id) VALUES (10, 117);
INSERT INTO `Performance_Employee` (performances_id, employees_id) VALUES (10, 127);
INSERT INTO `Performance_Employee` (performances_id, employees_id) VALUES (10, 128);
INSERT INTO `Performance_Employee` (performances_id, employees_id) VALUES (10, 132);
INSERT INTO `Performance_Employee` (performances_id, employees_id) VALUES (10, 133);
INSERT INTO `Performance_Employee` (performances_id, employees_id) VALUES (10, 137);
INSERT INTO `Performance_Employee` (performances_id, employees_id) VALUES (10, 139);
INSERT INTO `Performance_Employee` (performances_id, employees_id) VALUES (10, 141);
INSERT INTO `Performance_Employee` (performances_id, employees_id) VALUES (10, 142);
INSERT INTO `Performance_Employee` (performances_id, employees_id) VALUES (10, 179);
INSERT INTO `Performance_Employee` (performances_id, employees_id) VALUES (10, 202);
INSERT INTO `Performance_Employee` (performances_id, employees_id) VALUES (10, 203);
INSERT INTO `Performance_Employee` (performances_id, employees_id) VALUES (10, 204);
INSERT INTO `Performance_Employee` (performances_id, employees_id) VALUES (10, 205);
INSERT INTO `Performance_Employee` (performances_id, employees_id) VALUES (10, 206);
INSERT INTO `Performance_Employee` (performances_id, employees_id) VALUES (10, 207);
INSERT INTO `Performance_Employee` (performances_id, employees_id) VALUES (10, 208);
INSERT INTO `Performance_Employee` (performances_id, employees_id) VALUES (10, 209);
INSERT INTO `Performance_Employee` (performances_id, employees_id) VALUES (10, 210);
INSERT INTO `Performance_Employee` (performances_id, employees_id) VALUES (10, 211);
INSERT INTO `Performance_Employee` (performances_id, employees_id) VALUES (10, 455);
INSERT INTO `Performance_Employee` (performances_id, employees_id) VALUES (10, 456);
INSERT INTO `Performance_Employee` (performances_id, employees_id) VALUES (10, 457);
INSERT INTO `Performance_Employee` (performances_id, employees_id) VALUES (10, 458);
INSERT INTO `Performance_Employee` (performances_id, employees_id) VALUES (10, 459);
INSERT INTO `Performance_Employee` (performances_id, employees_id) VALUES (10, 460);
INSERT INTO `Performance_Employee` (performances_id, employees_id) VALUES (10, 461);
INSERT INTO `Performance_Employee` (performances_id, employees_id) VALUES (10, 462);
INSERT INTO `Performance_Employee` (performances_id, employees_id) VALUES (10, 463);
INSERT INTO `Performance_Employee` (performances_id, employees_id) VALUES (10, 464);
INSERT INTO `Performance_Employee` (performances_id, employees_id) VALUES (10, 465);
INSERT INTO `Performance_Employee` (performances_id, employees_id) VALUES (10, 466);
INSERT INTO `Performance_Employee` (performances_id, employees_id) VALUES (10, 467);
INSERT INTO `Performance_Employee` (performances_id, employees_id) VALUES (10, 468);
INSERT INTO `Performance_Employee` (performances_id, employees_id) VALUES (10, 469);
INSERT INTO `Performance_Employee` (performances_id, employees_id) VALUES (10, 470);
INSERT INTO `Performance_Employee` (performances_id, employees_id) VALUES (10, 492);
INSERT INTO `Performance_Employee` (performances_id, employees_id) VALUES (10, 493);
INSERT INTO `Performance_Employee` (performances_id, employees_id) VALUES (10, 494);
INSERT INTO `Performance_Employee` (performances_id, employees_id) VALUES (10, 495);
INSERT INTO `Room` (id, name) VALUES (1, 'Korrepetitionsraum 1');
INSERT INTO `Room` (id, name) VALUES (2, 'Korrepetitionsraum 2');
INSERT INTO `Room` (id, name) VALUES (3, 'Korrepetitionsraum 3');
INSERT INTO `Room` (id, name) VALUES (4, 'Korrepetitionsraum 4');
INSERT INTO `Room` (id, name) VALUES (5, 'Korrepetitionsraum 5');
INSERT INTO `Room` (id, name) VALUES (6, 'Korrepetitionsraum 6');
INSERT INTO `Room` (id, name) VALUES (7, 'Korrepetitionsraum 7');
INSERT INTO `Room` (id, name) VALUES (8, 'Korrepetitionsraum 8');
INSERT INTO `Room` (id, name) VALUES (9, 'Probebühne 1');
INSERT INTO `Room` (id, name) VALUES (10, 'Probebühne2');
INSERT INTO `Room` (id, name) VALUES (11, 'Carlos Kleiber Probebühne');
INSERT INTO `Room` (id, name) VALUES (12, 'Erhard Waechter Probebühne');
INSERT INTO `Room` (id, name) VALUES (13, 'Orgelsaal');
INSERT INTO `Room` (id, name) VALUES (14, 'Probebühne Arsenal');
INSERT INTO `Room` (id, name) VALUES (15, 'Probebühne Musikverein');
INSERT INTO `Room` (id, name) VALUES (16, 'Bühne');
